#JCAT	Satcat	Launch_Tag	Piece	Type	Name	PLName	LDate	Parent	SDate	Primary	DDate	Status	Dest	Owner	State	Manufacturer	Bus	Motor	Mass	MassFlag	DryMass	DryFlag	TotMass	TotFlag	Length	LFlag	Diameter	DFlag	Span	SpanFlag	Shape	ODate	Perigee	PF	Apogee	AF	Inc	IF	OpOrbit	OQUAL	AltNames
# Updated 2026 Sep 10 1827:53
S100000   	100000	2026-067	2026-067CY	P           	Saramago	Lusiada-3	2026 Mar 30	S68435	2026 Jul	Earth	-	O	-	LUSO	P	LUSO	Cubesat 8U	-	      15 	?	     15 	?	      15 	?	   0.4 	 	  0.2 	 	    0.4 	 	Box	2026 Jul 14	     500	 	     508	 	 97.46 	 	LLEO/S	-	-
S100001   	100001	2026-160	2026-160A	P      D    	Starlink 38128	Starlink Group 15-14-01	2026 Jul 14	A11922	2026 Jul 14 0230:21	Earth	-	O	-	SPXS	US	SPXS	Starlink V2MO	-	     575 	 	    530 	?	     575 	 	   0.3 	?	  4.1 	 	   29.0 	?	Box + pan	2026 Jul 14	     249	 	     262	 	 70.00 	 	LLEO/I	-	-
S100002   	100002	2026-160	2026-160B	P      D    	Starlink 37711	Starlink Group 15-14-02	2026 Jul 14	A11922	2026 Jul 14 0230:21	Earth	-	O	-	SPXS	US	SPXS	Starlink V2MO	-	     575 	 	    530 	?	     575 	 	   0.3 	?	  4.1 	 	   29.0 	?	Box + pan	2026 Jul 14	     249	 	     262	 	 70.00 	 	LLEO/I	-	-
S100003   	100003	2026-160	2026-160C	P      D    	Starlink 38123	Starlink Group 15-14-03	2026 Jul 14	A11922	2026 Jul 14 0230:21	Earth	-	O	-	SPXS	US	SPXS	Starlink V2MO	-	     575 	 	    530 	?	     575 	 	   0.3 	?	  4.1 	 	   29.0 	?	Box + pan	2026 Jul 15	     248	 	     261	 	 70.00 	 	LLEO/I	-	-
S100004   	100004	2026-160	2026-160D	P      D    	Starlink 38107	Starlink Group 15-14-04	2026 Jul 14	A11922	2026 Jul 14 0230:21	Earth	-	O	-	SPXS	US	SPXS	Starlink V2MO	-	     575 	 	    530 	?	     575 	 	   0.3 	?	  4.1 	 	   29.0 	?	Box + pan	2026 Jul 14	     248	 	     261	 	 70.00 	 	LLEO/I	-	-
S100005   	100005	2026-160	2026-160E	P      D    	Starlink 38122	Starlink Group 15-14-05	2026 Jul 14	A11922	2026 Jul 14 0230:21	Earth	-	O	-	SPXS	US	SPXS	Starlink V2MO	-	     575 	 	    530 	?	     575 	 	   0.3 	?	  4.1 	 	   29.0 	?	Box + pan	2026 Jul 14	     248	 	     261	 	 70.00 	 	LLEO/I	-	-
S100006   	100006	2026-160	2026-160F	P      D    	Starlink 38117	Starlink Group 15-14-06	2026 Jul 14	A11922	2026 Jul 14 0230:21	Earth	-	O	-	SPXS	US	SPXS	Starlink V2MO	-	     575 	 	    530 	?	     575 	 	   0.3 	?	  4.1 	 	   29.0 	?	Box + pan	2026 Jul 14	     248	 	     261	 	 70.00 	 	LLEO/I	-	-
S100007   	100007	2026-160	2026-160G	P      D    	Starlink 38054	Starlink Group 15-14-07	2026 Jul 14	A11922	2026 Jul 14 0230:21	Earth	-	O	-	SPXS	US	SPXS	Starlink V2MO	-	     575 	 	    530 	?	     575 	 	   0.3 	?	  4.1 	 	   29.0 	?	Box + pan	2026 Jul 15	     248	 	     261	 	 70.00 	 	LLEO/I	-	-
S100008   	100008	2026-160	2026-160H	P      D    	Starlink 38124	Starlink Group 15-14-08	2026 Jul 14	A11922	2026 Jul 14 0230:21	Earth	-	O	-	SPXS	US	SPXS	Starlink V2MO	-	     575 	 	    530 	?	     575 	 	   0.3 	?	  4.1 	 	   29.0 	?	Box + pan	2026 Jul 14	     248	 	     261	 	 70.00 	 	LLEO/I	-	-
S100009   	100009	2026-160	2026-160J	P      D    	Starlink 38119	Starlink Group 15-14-09	2026 Jul 14	A11922	2026 Jul 14 0230:21	Earth	-	O	-	SPXS	US	SPXS	Starlink V2MO	-	     575 	 	    530 	?	     575 	 	   0.3 	?	  4.1 	 	   29.0 	?	Box + pan	2026 Jul 14	     248	 	     261	 	 70.00 	 	LLEO/I	-	-
S100010   	100010	2026-160	2026-160K	P      D    	Starlink 38045	Starlink Group 15-14-10	2026 Jul 14	A11922	2026 Jul 14 0230:21	Earth	-	O	-	SPXS	US	SPXS	Starlink V2MO	-	     575 	 	    530 	?	     575 	 	   0.3 	?	  4.1 	 	   29.0 	?	Box + pan	2026 Jul 14	     248	 	     261	 	 70.00 	 	LLEO/I	-	-
S100011   	100011	2026-160	2026-160L	P      D    	Starlink 38051	Starlink Group 15-14-11	2026 Jul 14	A11922	2026 Jul 14 0230:21	Earth	-	O	-	SPXS	US	SPXS	Starlink V2MO	-	     575 	 	    530 	?	     575 	 	   0.3 	?	  4.1 	 	   29.0 	?	Box + pan	2026 Jul 14	     248	 	     261	 	 70.00 	 	LLEO/I	-	-
S100012   	100012	2026-160	2026-160M	P      D    	Starlink 38092	Starlink Group 15-14-12	2026 Jul 14	A11922	2026 Jul 14 0230:21	Earth	-	O	-	SPXS	US	SPXS	Starlink V2MO	-	     575 	 	    530 	?	     575 	 	   0.3 	?	  4.1 	 	   29.0 	?	Box + pan	2026 Jul 14	     247	 	     261	 	 70.00 	 	LLEO/I	-	-
S100013   	100013	2026-160	2026-160N	P      D    	Starlink 37719	Starlink Group 15-14-13	2026 Jul 14	A11922	2026 Jul 14 0230:21	Earth	-	O	-	SPXS	US	SPXS	Starlink V2MO	-	     575 	 	    530 	?	     575 	 	   0.3 	?	  4.1 	 	   29.0 	?	Box + pan	2026 Jul 14	     247	 	     261	 	 70.00 	 	LLEO/I	-	-
S100014   	100014	2026-160	2026-160P	P      D    	Starlink 38106	Starlink Group 15-14-14	2026 Jul 14	A11922	2026 Jul 14 0230:21	Earth	-	O	-	SPXS	US	SPXS	Starlink V2MO	-	     575 	 	    530 	?	     575 	 	   0.3 	?	  4.1 	 	   29.0 	?	Box	2026 Jul 14	     247	 	     261	 	 70.00 	 	LLEO/I	-	-
S100015   	100015	2026-160	2026-160Q	P      D    	Starlink 37299	Starlink Group 15-14-15	2026 Jul 14	A11922	2026 Jul 14 0230:21	Earth	-	O	-	SPXS	US	SPXS	Starlink V2MO	-	     575 	 	    530 	?	     575 	 	   0.3 	?	  4.1 	 	   29.0 	?	Box + pan	2026 Jul 14	     247	 	     261	 	 70.00 	 	LLEO/I	-	-
S100016   	100016	2026-160	2026-160R	P      D    	Starlink 38052	Starlink Group 15-14-16	2026 Jul 14	A11922	2026 Jul 14 0230:21	Earth	-	O	-	SPXS	US	SPXS	Starlink V2MO	-	     575 	 	    530 	?	     575 	 	   0.3 	?	  4.1 	 	   29.0 	?	Box + pan	2026 Jul 15	     247	 	     260	 	 70.00 	 	LLEO/I	-	-
S100017   	100017	2026-160	2026-160S	P      D    	Starlink 38114	Starlink Group 15-14-17	2026 Jul 14	A11922	2026 Jul 14 0230:21	Earth	-	O	-	SPXS	US	SPXS	Starlink V2MO	-	     575 	 	    530 	?	     575 	 	   0.3 	?	  4.1 	 	   29.0 	?	Box + pan	2026 Jul 14	     247	 	     260	 	 70.00 	 	LLEO/I	-	-
S100018   	100018	2026-160	2026-160T	P      D    	Starlink 37239	Starlink Group 15-14-18	2026 Jul 14	A11922	2026 Jul 14 0230:21	Earth	-	O	-	SPXS	US	SPXS	Starlink V2MO	-	     575 	 	    530 	?	     575 	 	   0.3 	?	  4.1 	 	   29.0 	?	Box + pan	2026 Jul 14	     247	 	     260	 	 70.00 	 	LLEO/I	-	-
S100019   	100019	2026-160	2026-160U	P      D    	Starlink 37580	Starlink Group 15-14-19	2026 Jul 14	A11922	2026 Jul 14 0230:21	Earth	-	O	-	SPXS	US	SPXS	Starlink V2MO	-	     575 	 	    530 	?	     575 	 	   0.3 	?	  4.1 	 	   29.0 	?	Box + pan	2026 Jul 14	     246	 	     260	 	 70.00 	 	LLEO/I	-	-
S100020   	100020	2026-160	2026-160V	P      D    	Starlink 38032	Starlink Group 15-14-20	2026 Jul 14	A11922	2026 Jul 14 0230:21	Earth	-	O	-	SPXS	US	SPXS	Starlink V2MO	-	     575 	 	    530 	?	     575 	 	   0.3 	?	  4.1 	 	   29.0 	?	Box + pan	2026 Jul 15	     246	 	     260	 	 70.00 	 	LLEO/I	-	-
S100021   	100021	2026-160	2026-160W	P      D    	Starlink 38110	Starlink Group 15-14-21	2026 Jul 14	A11922	2026 Jul 14 0230:21	Earth	-	O	-	SPXS	US	SPXS	Starlink V2MO	-	     575 	 	    530 	?	     575 	 	   0.3 	?	  4.1 	 	   29.0 	?	Box + pan	2026 Jul 14	     246	 	     260	 	 70.00 	 	LLEO/I	-	-
S100022   	100022	2026-160	2026-160X	P      D    	Starlink 38103	Starlink Group 15-14-22	2026 Jul 14	A11922	2026 Jul 14 0230:21	Earth	-	O	-	SPXS	US	SPXS	Starlink V2MO	-	     575 	 	    530 	?	     575 	 	   0.3 	?	  4.1 	 	   29.0 	?	Box + pan	2026 Jul 14	     246	 	     260	 	 70.00 	 	LLEO/I	-	-
S100023   	100023	2026-160	2026-160Y	P      D    	Starlink 38102	Starlink Group 15-14-23	2026 Jul 14	A11922	2026 Jul 14 0230:21	Earth	-	O	-	SPXS	US	SPXS	Starlink V2MO	-	     575 	 	    530 	?	     575 	 	   0.3 	?	  4.1 	 	   29.0 	?	Box + pan	2026 Jul 14	     246	 	     260	 	 70.00 	 	LLEO/I	-	-
S100024   	100024	2026-160	2026-160Z	P      D    	Starlink 38108	Starlink Group 15-14-24	2026 Jul 14	A11922	2026 Jul 14 0230:21	Earth	-	O	-	SPXS	US	SPXS	Starlink V2MO	-	     575 	 	    530 	?	     575 	 	   0.3 	?	  4.1 	 	   29.0 	?	Box + pan	2026 Jul 14	     246	 	     260	 	 70.00 	 	LLEO/I	-	-
S100025   	100025	2026-160	2026-160AA	P      D    	Starlink 38109	Starlink Group 15-14-25	2026 Jul 14	A11922	2026 Jul 14 0230:21	Earth	-	O	-	SPXS	US	SPXS	Starlink V2MO	-	     575 	 	    530 	?	     575 	 	   0.3 	?	  4.1 	 	   29.0 	?	Box + pan	2026 Jul 14	     246	 	     260	 	 70.00 	 	LLEO/I	-	-
S100026   	100026	2026-160	2026-160AB	P      D    	Starlink 38034	Starlink Group 15-14-26	2026 Jul 14	A11922	2026 Jul 14 0230:21	Earth	-	O	-	SPXS	US	SPXS	Starlink V2MO	-	     575 	 	    530 	?	     575 	 	   0.3 	?	  4.1 	 	   29.0 	?	Box + pan	2026 Jul 14	     245	 	     259	 	 70.00 	 	LLEO/I	-	-
S100027   	100027	2026-160	2026-160AC	P      D    	Starlink 38094	Starlink Group 15-14-27	2026 Jul 14	A11922	2026 Jul 14 0230:21	Earth	-	O	-	SPXS	US	SPXS	Starlink V2MO	-	     575 	 	    530 	?	     575 	 	   0.3 	?	  4.1 	 	   29.0 	?	Box + pan	2026 Jul 15	     245	 	     259	 	 70.00 	 	LLEO/I	-	-
S100028   	100028	2026-161	2026-161A	P      O    	Starlink 37844	Starlink Group 10-45-01	2026 Jul 14	A11923	2026 Jul 14 1011:39	Earth	-	O	-	SPXS	US	SPXS	Starlink V2MO	-	     575 	 	    530 	?	     575 	 	   0.3 	?	  4.1 	 	   29.0 	?	Box + pan	2026 Jul 14	     242	 	     254	 	 53.16 	 	LLEO/I	-	-
S100029   	100029	2026-161	2026-161B	P      O    	Starlink 37610	Starlink Group 10-45-02	2026 Jul 14	A11923	2026 Jul 14 1011:39	Earth	-	O	-	SPXS	US	SPXS	Starlink V2MO	-	     575 	 	    530 	?	     575 	 	   0.3 	?	  4.1 	 	   29.0 	?	Box + pan	2026 Jul 14	     242	 	     254	 	 53.16 	 	LLEO/I	-	-
S100030   	100030	2026-161	2026-161C	P      O    	Starlink 37845	Starlink Group 10-45-03	2026 Jul 14	A11923	2026 Jul 14 1011:39	Earth	-	O	-	SPXS	US	SPXS	Starlink V2MO	-	     575 	 	    530 	?	     575 	 	   0.3 	?	  4.1 	 	   29.0 	?	Box + pan	2026 Jul 15	     241	 	     254	 	 53.16 	 	LLEO/I	-	-
S100031   	100031	2026-161	2026-161D	P      O    	Starlink 37336	Starlink Group 10-45-04	2026 Jul 14	A11923	2026 Jul 14 1011:39	Earth	-	O	-	SPXS	US	SPXS	Starlink V2MO	-	     575 	 	    530 	?	     575 	 	   0.3 	?	  4.1 	 	   29.0 	?	Box + pan	2026 Jul 14	     241	 	     254	 	 53.16 	 	LLEO/I	-	-
S100032   	100032	2026-161	2026-161E	P      O    	Starlink 37481	Starlink Group 10-45-05	2026 Jul 14	A11923	2026 Jul 14 1011:39	Earth	-	O	-	SPXS	US	SPXS	Starlink V2MO	-	     575 	 	    530 	?	     575 	 	   0.3 	?	  4.1 	 	   29.0 	?	Box + pan	2026 Jul 15	     241	 	     254	 	 53.16 	 	LLEO/I	-	-
S100033   	100033	2026-161	2026-161F	P      D    	Starlink 37458	Starlink Group 10-45-06	2026 Jul 14	A11923	2026 Jul 14 1011:39	Earth	-	O	-	SPXS	US	SPXS	Starlink V2MO	-	     575 	 	    530 	?	     575 	 	   0.3 	?	  4.1 	 	   29.0 	?	Box + pan	2026 Jul 14	     241	 	     254	 	 53.16 	 	LLEO/I	-	-
S100034   	100034	2026-161	2026-161G	P      O    	Starlink 37917	Starlink Group 10-45-07	2026 Jul 14	A11923	2026 Jul 14 1011:39	Earth	-	O	-	SPXS	US	SPXS	Starlink V2MO	-	     575 	 	    530 	?	     575 	 	   0.3 	?	  4.1 	 	   29.0 	?	Box + pan	2026 Jul 15	     241	 	     254	 	 53.16 	 	LLEO/I	-	-
S100035   	100035	2026-161	2026-161H	P      D    	Starlink 37415	Starlink Group 10-45-08	2026 Jul 14	A11923	2026 Jul 14 1011:39	Earth	-	O	-	SPXS	US	SPXS	Starlink V2MO	-	     575 	 	    530 	?	     575 	 	   0.3 	?	  4.1 	 	   29.0 	?	Box + pan	2026 Jul 14	     241	 	     253	 	 53.16 	 	LLEO/I	-	-
S100036   	100036	2026-161	2026-161J	P      O    	Starlink 37560	Starlink Group 10-45-09	2026 Jul 14	A11923	2026 Jul 14 1011:39	Earth	-	O	-	SPXS	US	SPXS	Starlink V2MO	-	     575 	 	    530 	?	     575 	 	   0.3 	?	  4.1 	 	   29.0 	?	Box + pan	2026 Jul 15	     240	 	     253	 	 53.16 	 	LLEO/I	-	-
S100037   	100037	2026-161	2026-161K	P      O    	Starlink 37847	Starlink Group 10-45-10	2026 Jul 14	A11923	2026 Jul 14 1011:39	Earth	-	O	-	SPXS	US	SPXS	Starlink V2MO	-	     575 	 	    530 	?	     575 	 	   0.3 	?	  4.1 	 	   29.0 	?	Box + pan	2026 Jul 14	     240	 	     253	 	 53.16 	 	LLEO/I	-	-
S100038   	100038	2026-161	2026-161L	P      O    	Starlink 37672	Starlink Group 10-45-11	2026 Jul 14	A11923	2026 Jul 14 1011:39	Earth	-	O	-	SPXS	US	SPXS	Starlink V2MO	-	     575 	 	    530 	?	     575 	 	   0.3 	?	  4.1 	 	   29.0 	?	Box + pan	2026 Jul 14	     240	 	     253	 	 53.16 	 	LLEO/I	-	-
S100039   	100039	2026-161	2026-161M	P      O    	Starlink 37693	Starlink Group 10-45-12	2026 Jul 14	A11923	2026 Jul 14 1011:39	Earth	-	O	-	SPXS	US	SPXS	Starlink V2MO	-	     575 	 	    530 	?	     575 	 	   0.3 	?	  4.1 	 	   29.0 	?	Box + pan	2026 Jul 14	     240	 	     253	 	 53.16 	 	LLEO/I	-	-
S100040   	100040	2026-161	2026-161N	P      D    	Starlink 37714	Starlink Group 10-45-13	2026 Jul 14	A11923	2026 Jul 14 1011:39	Earth	-	O	-	SPXS	US	SPXS	Starlink V2MO	-	     575 	 	    530 	?	     575 	 	   0.3 	?	  4.1 	 	   29.0 	?	Box + pan	2026 Jul 14	     240	 	     253	 	 53.16 	 	LLEO/I	-	-
S100041   	100041	2026-161	2026-161P	P      O    	Starlink 37448	Starlink Group 10-45-14	2026 Jul 14	A11923	2026 Jul 14 1011:39	Earth	-	O	-	SPXS	US	SPXS	Starlink V2MO	-	     575 	 	    530 	?	     575 	 	   0.3 	?	  4.1 	 	   29.0 	?	Box + pan	2026 Jul 15	     240	 	     252	 	 53.16 	 	LLEO/I	-	-
S100042   	100042	2026-161	2026-161Q	P      O    	Starlink 38002	Starlink Group 10-45-15	2026 Jul 14	A11923	2026 Jul 14 1011:39	Earth	-	O	-	SPXS	US	SPXS	Starlink V2MO	-	     575 	 	    530 	?	     575 	 	   0.3 	?	  4.1 	 	   29.0 	?	Box + pan	2026 Jul 14	     240	 	     252	 	 53.16 	 	LLEO/I	-	-
S100043   	100043	2026-161	2026-161R	P      O    	Starlink 38023	Starlink Group 10-45-16	2026 Jul 14	A11923	2026 Jul 14 1011:39	Earth	-	O	-	SPXS	US	SPXS	Starlink V2MO	-	     575 	 	    530 	?	     575 	 	   0.3 	?	  4.1 	 	   29.0 	?	Box + pan	2026 Jul 14	     241	 	     254	 	 53.16 	 	LLEO/I	-	-
S100044   	100044	2026-161	2026-161S	P      D    	Starlink 37984	Starlink Group 10-45-17	2026 Jul 14	A11923	2026 Jul 14 1011:39	Earth	-	O	-	SPXS	US	SPXS	Starlink V2MO	-	     575 	 	    530 	?	     575 	 	   0.3 	?	  4.1 	 	   29.0 	?	Box + pan	2026 Jul 15	     239	 	     252	 	 53.16 	 	LLEO/I	-	-
S100045   	100045	2026-161	2026-161T	P      O    	Starlink 37808	Starlink Group 10-45-18	2026 Jul 14	A11923	2026 Jul 14 1011:39	Earth	-	O	-	SPXS	US	SPXS	Starlink V2MO	-	     575 	 	    530 	?	     575 	 	   0.3 	?	  4.1 	 	   29.0 	?	Box + pan	2026 Jul 14	     239	 	     252	 	 53.16 	 	LLEO/I	-	-
S100046   	100046	2026-161	2026-161U	P      O    	Starlink 37807	Starlink Group 10-45-19	2026 Jul 14	A11923	2026 Jul 14 1011:39	Earth	-	O	-	SPXS	US	SPXS	Starlink V2MO	-	     575 	 	    530 	?	     575 	 	   0.3 	?	  4.1 	 	   29.0 	?	Box + pan	2026 Jul 15	     239	 	     251	 	 53.16 	 	LLEO/I	-	-
S100047   	100047	2026-161	2026-161V	P      O    	Starlink 37756	Starlink Group 10-45-20	2026 Jul 14	A11923	2026 Jul 14 1011:39	Earth	-	O	-	SPXS	US	SPXS	Starlink V2MO	-	     575 	 	    530 	?	     575 	 	   0.3 	?	  4.1 	 	   29.0 	?	Box + pan	2026 Jul 15	     238	 	     251	 	 53.16 	 	LLEO/I	-	-
S100048   	100048	2026-161	2026-161W	P      D    	Starlink 37752	Starlink Group 10-45-21	2026 Jul 14	A11923	2026 Jul 14 1011:39	Earth	-	O	-	SPXS	US	SPXS	Starlink V2MO	-	     575 	 	    530 	?	     575 	 	   0.3 	?	  4.1 	 	   29.0 	?	Box + pan	2026 Jul 14	     238	 	     251	 	 53.16 	 	LLEO/I	-	-
S100049   	100049	2026-161	2026-161X	P      O    	Starlink 37848	Starlink Group 10-45-22	2026 Jul 14	A11923	2026 Jul 14 1011:39	Earth	-	O	-	SPXS	US	SPXS	Starlink V2MO	-	     575 	 	    530 	?	     575 	 	   0.3 	?	  4.1 	 	   29.0 	?	Box + pan	2026 Jul 14	     238	 	     251	 	 53.16 	 	LLEO/I	-	-
S100050   	100050	2026-161	2026-161Y	P      O    	Starlink 37826	Starlink Group 10-45-23	2026 Jul 14	A11923	2026 Jul 14 1011:39	Earth	-	O	-	SPXS	US	SPXS	Starlink V2MO	-	     575 	 	    530 	?	     575 	 	   0.3 	?	  4.1 	 	   29.0 	?	Box + pan	2026 Jul 14	     238	 	     251	 	 53.16 	 	LLEO/I	-	-
S100051   	100051	2026-161	2026-161Z	P      O    	Starlink 37677	Starlink Group 10-45-24	2026 Jul 14	A11923	2026 Jul 14 1011:39	Earth	-	O	-	SPXS	US	SPXS	Starlink V2MO	-	     575 	 	    530 	?	     575 	 	   0.3 	?	  4.1 	 	   29.0 	?	Box + pan	2026 Jul 14	     238	 	     251	 	 53.16 	 	LLEO/I	-	-
S100052   	100052	2026-161	2026-161AA	P      O    	Starlink 37797	Starlink Group 10-45-25	2026 Jul 14	A11923	2026 Jul 14 1011:39	Earth	-	O	-	SPXS	US	SPXS	Starlink V2MO	-	     575 	 	    530 	?	     575 	 	   0.3 	?	  4.1 	 	   29.0 	?	Box + pan	2026 Jul 14	     238	 	     250	 	 53.16 	 	LLEO/I	-	-
S100053   	100053	2026-161	2026-161AB	P      O    	Starlink 37796	Starlink Group 10-45-26	2026 Jul 14	A11923	2026 Jul 14 1011:39	Earth	-	O	-	SPXS	US	SPXS	Starlink V2MO	-	     575 	 	    530 	?	     575 	 	   0.3 	?	  4.1 	 	   29.0 	?	Box + pan	2026 Jul 14	     237	 	     250	 	 53.16 	 	LLEO/I	-	-
S100054   	100054	2026-161	2026-161AC	P      O    	Starlink 37505	Starlink Group 10-45-27	2026 Jul 14	A11923	2026 Jul 14 1011:39	Earth	-	O	-	SPXS	US	SPXS	Starlink V2MO	-	     575 	 	    530 	?	     575 	 	   0.3 	?	  4.1 	 	   29.0 	?	Box + pan	2026 Jul 15	     237	 	     250	 	 53.16 	 	LLEO/I	-	-
S100055   	100055	2026-161	2026-161AD	P      O    	Starlink 37605	Starlink Group 10-45-28	2026 Jul 14	A11923	2026 Jul 14 1011:39	Earth	-	O	-	SPXS	US	SPXS	Starlink V2MO	-	     575 	 	    530 	?	     575 	 	   0.3 	?	  4.1 	 	   29.0 	?	Box + pan	2026 Jul 15	     237	 	     250	 	 53.16 	 	LLEO/I	-	-
S100056   	100056	2026-161	2026-161AE	P      O    	Starlink 37650	Starlink Group 10-45-29	2026 Jul 14	A11923	2026 Jul 14 1011:39	Earth	-	O	-	SPXS	US	SPXS	Starlink V2MO	-	     575 	 	    530 	?	     575 	 	   0.3 	?	  4.1 	 	   29.0 	?	Box + pan	2026 Jul 15	     237	 	     249	 	 53.16 	 	LLEO/I	-	-
S100057   	100057	2026-162	2026-162A	PH-H-V-     	Soyuz MS-29	Soyuz 11F732A48 No. 759	2026 Jul 14	S100058	2026 Jul 14 1456:32	Earth	2026 Jul 14 1752:19	DK	A09906	RKKE	RU	RKKE	7K-S A48	SA	    2900 	 	   2900 	 	    7152 	 	   7.9 	 	  2.7 	 	   10.6 	 	Cyl + Cone + Sphere + 2 Pan	2026 Jul 14	     415	 	     424	 	 51.63 	 	LLEO/I	-	-
S100058   	100058	2026-162	2026-162B	R3          	Soyuz-2-1a No. 081 Blok-I	Blok-I 14S54 374BL02A	2026 Jul 14	R86576	2026 Jul 14 1456:29	Earth	2026 Jul 17	R	-	RVSNR	RU	PROGT	Blok-I	RD-0110	    2350 	 	   2350 	 	    2350 	 	   6.7 	 	  2.7 	 	    6.7 	 	Cyl	2026 Jul 16	     182	 	     202	 	 51.65 	 	LLEO/I	-	-
S100059   	100059	2026-163	2026-163A	P      O    	Praetorian SDA-501	SDA T1TL-E-01	2026 Jul 16	A11926	2026 Jul 16 2140?	Earth	-	O	-	SDA	US	YORKSS	S-Class	-	     300 	?	    300 	?	     300 	?	   1.0 	?	  0.6 	 	    2.0 	?	Box + panels	2026 Jul 24	     934	 	     954	 	 81.48 	 	LEO/I	-	-
S100060   	100060	2026-163	2026-163B	P      O    	Praetorian SDA-502	SDA T1TL-E-02	2026 Jul 16	A11926	2026 Jul 16 2140?	Earth	-	O	-	SDA	US	YORKSS	S-Class	-	     300 	?	    300 	?	     300 	?	   1.0 	?	  0.6 	 	    2.0 	?	Box + panels	2026 Jul 24	     933	 	     954	 	 81.49 	 	LEO/I	-	-
S100061   	100061	2026-163	2026-163C	P      O    	Praetorian SDA-503	SDA T1TL-E-03	2026 Jul 16	A11926	2026 Jul 16 2140?	Earth	-	O	-	SDA	US	YORKSS	S-Class	-	     300 	?	    300 	?	     300 	?	   1.0 	?	  0.6 	 	    2.0 	?	Box + panels	2026 Jul 24	     931	 	     954	 	 81.48 	 	LEO/I	-	-
S100062   	100062	2026-163	2026-163D	P      O    	Praetorian SDA-504	SDA T1TL-E-04	2026 Jul 16	A11926	2026 Jul 16 2140?	Earth	-	O	-	SDA	US	YORKSS	S-Class	-	     300 	?	    300 	?	     300 	?	   1.0 	?	  0.6 	 	    2.0 	?	Box + panels	2026 Jul 24	     935	 	     954	 	 81.48 	 	LEO/I	-	-
S100063   	100063	2026-163	2026-163E	P      O    	Praetorian SDA-505	SDA T1TL-E-05	2026 Jul 16	A11926	2026 Jul 16 2140?	Earth	-	O	-	SDA	US	YORKSS	S-Class	-	     300 	?	    300 	?	     300 	?	   1.0 	?	  0.6 	 	    2.0 	?	Box + panels	2026 Jul 24	     932	 	     954	 	 81.48 	 	LEO/I	-	-
S100064   	100064	2026-163	2026-163F	P      O    	Praetorian SDA-506	SDA T1TL-E-06	2026 Jul 16	A11926	2026 Jul 16 2140?	Earth	-	O	-	SDA	US	YORKSS	S-Class	-	     300 	?	    300 	?	     300 	?	   1.0 	?	  0.6 	 	    2.0 	?	Box + panels	2026 Jul 24	     930	 	     954	 	 81.48 	 	LEO/I	-	-
S100065   	100065	2026-163	2026-163G	P      O    	Praetorian SDA-507	SDA T1TL-E-07	2026 Jul 16	A11926	2026 Jul 16 2140?	Earth	-	O	-	SDA	US	YORKSS	S-Class	-	     300 	?	    300 	?	     300 	?	   1.0 	?	  0.6 	 	    2.0 	?	Box + panels	2026 Jul 24	     935	 	     954	 	 81.49 	 	LEO/I	-	-
S100066   	100066	2026-163	2026-163H	P      O    	Praetorian SDA-508	SDA T1TL-E-08	2026 Jul 16	A11926	2026 Jul 16 2140?	Earth	-	O	-	SDA	US	YORKSS	S-Class	-	     300 	?	    300 	?	     300 	?	   1.0 	?	  0.6 	 	    2.0 	?	Box + panels	2026 Jul 24	     934	 	     954	 	 81.48 	 	LEO/I	-	-
S100067   	100067	2026-163	2026-163J	P      O    	Praetorian SDA-509	SDA T1TL-E-09	2026 Jul 16	A11926	2026 Jul 16 2140?	Earth	-	O	-	SDA	US	YORKSS	S-Class	-	     300 	?	    300 	?	     300 	?	   1.0 	?	  0.6 	 	    2.0 	?	Box + panels	2026 Jul 24	     933	 	     954	 	 81.48 	 	LEO/I	-	-
S100068   	100068	2026-163	2026-163K	P      O    	Praetorian SDA-510	SDA T1TL-E-10	2026 Jul 16	A11926	2026 Jul 16 2140?	Earth	-	O	-	SDA	US	YORKSS	S-Class	-	     300 	?	    300 	?	     300 	?	   1.0 	?	  0.6 	 	    2.0 	?	Box + panels	2026 Jul 24	     935	 	     954	 	 81.48 	 	LEO/I	-	-
S100069   	100069	2026-163	2026-163L	P      O    	Praetorian SDA-511	SDA T1TL-E-11	2026 Jul 16	A11926	2026 Jul 16 2140?	Earth	-	O	-	SDA	US	YORKSS	S-Class	-	     300 	?	    300 	?	     300 	?	   1.0 	?	  0.6 	 	    2.0 	?	Box + panels	2026 Jul 24	     933	 	     954	 	 81.48 	 	LEO/I	-	-
S100070   	100070	2026-163	2026-163M	P      O    	Praetorian SDA-512	SDA T1TL-E-12	2026 Jul 16	A11926	2026 Jul 16 2140?	Earth	-	O	-	SDA	US	YORKSS	S-Class	-	     300 	?	    300 	?	     300 	?	   1.0 	?	  0.6 	 	    2.0 	?	Box + panels	2026 Jul 24	     931	 	     954	 	 81.48 	 	LEO/I	-	-
S100071   	100071	2026-163	2026-163N	P      O    	Praetorian SDA-513	SDA T1TL-E-13	2026 Jul 16	A11926	2026 Jul 16 2140?	Earth	-	O	-	SDA	US	YORKSS	S-Class	-	     300 	?	    300 	?	     300 	?	   1.0 	?	  0.6 	 	    2.0 	?	Box + panels	2026 Jul 24	     934	 	     954	 	 81.49 	 	LEO/I	-	-
S100072   	100072	2026-163	2026-163P	P      O    	Praetorian SDA-514	SDA T1TL-E-14	2026 Jul 16	A11926	2026 Jul 16 2140?	Earth	-	O	-	SDA	US	YORKSS	S-Class	-	     300 	?	    300 	?	     300 	?	   1.0 	?	  0.6 	 	    2.0 	?	Box + panels	2026 Jul 24	     935	 	     954	 	 81.48 	 	LEO/I	-	-
S100073   	100073	2026-163	2026-163Q	P      O    	Praetorian SDA-515	SDA T1TL-E-15	2026 Jul 16	A11926	2026 Jul 16 2140?	Earth	-	O	-	SDA	US	YORKSS	S-Class	-	     300 	?	    300 	?	     300 	?	   1.0 	?	  0.6 	 	    2.0 	?	Box + panels	2026 Jul 24	     930	 	     954	 	 81.48 	 	LEO/I	-	-
S100074   	100074	2026-163	2026-163R	P      O    	Praetorian SDA-516	SDA T1TL-E-16	2026 Jul 16	A11926	2026 Jul 16 2140?	Earth	-	O	-	SDA	US	YORKSS	S-Class	-	     300 	?	    300 	?	     300 	?	   1.0 	?	  0.6 	 	    2.0 	?	Box + panels	2026 Jul 24	     929	 	     954	 	 81.48 	 	LEO/I	-	-
S100075   	100075	2026-163	2026-163S	P      O    	Praetorian SDA-517	SDA T1TL-E-17	2026 Jul 16	A11926	2026 Jul 16 2140?	Earth	-	O	-	SDA	US	YORKSS	S-Class	-	     300 	?	    300 	?	     300 	?	   1.0 	?	  0.6 	 	    2.0 	?	Box + panels	2026 Jul 24	     930	 	     954	 	 81.48 	 	LEO/I	-	-
S100076   	100076	2026-163	2026-163T	P      O    	Praetorian SDA-518	SDA T1TL-E-18	2026 Jul 16	A11926	2026 Jul 16 2140?	Earth	-	O	-	SDA	US	YORKSS	S-Class	-	     300 	?	    300 	?	     300 	?	   1.0 	?	  0.6 	 	    2.0 	?	Box + panels	2026 Jul 24	     929	 	     954	 	 81.48 	 	LEO/I	-	-
S100077   	100077	2026-163	2026-163U	P      O    	Praetorian SDA-519	SDA T1TL-E-19	2026 Jul 16	A11926	2026 Jul 16 2140?	Earth	-	O	-	SDA	US	YORKSS	S-Class	-	     300 	?	    300 	?	     300 	?	   1.0 	?	  0.6 	 	    2.0 	?	Box + panels	2026 Jul 24	     934	 	     954	 	 81.49 	 	LEO/I	-	-
S100078   	100078	2026-163	2026-163V	P      O    	Praetorian SDA-520	SDA T1TL-E-20	2026 Jul 16	A11926	2026 Jul 16 2140?	Earth	-	O	-	SDA	US	YORKSS	S-Class	-	     300 	?	    300 	?	     300 	?	   1.0 	?	  0.6 	 	    2.0 	?	Box + panels	2026 Jul 24	     930	 	     954	 	 81.48 	 	LEO/I	-	-
S100079   	100079	2026-163	2026-163W	P      O    	Praetorian SDA-521	SDA T1TL-E-21	2026 Jul 16	A11926	2026 Jul 16 2140?	Earth	-	O	-	SDA	US	YORKSS	S-Class	-	     300 	?	    300 	?	     300 	?	   1.0 	?	  0.6 	 	    2.0 	?	Box + panels	2026 Jul 24	     931	 	     954	 	 81.48 	 	LEO/I	-	-
S100080   	100080	2026-164	2026-164A	P           	Solaras-S3	Solaras-S3	2026 Jul 18	S100082	2026 Jul 18 0651:26	Earth	-	O	-	GRAHAA	IN	GRAHAA	Cubesat 1U	-	       1 	 	      1 	 	       1 	 	   0.1 	 	  0.1 	 	    0.1 	 	Box	2026 Jul 18	     440	 	     453	 	 59.93 	 	LLEO/I	-	-
S100081   	100081	2026-164	2026-164B	P           	SCOPE	SCOPE	2026 Jul 18	S100082	2026 Jul 18 0651:31	Earth	-	O	-	SKYRT	IN	SKYRT	Cubesat 3U?	-	       5 	 	      5 	 	       5 	 	   0.4 	 	  0.1 	 	    0.4 	 	Box	2026 Jul 18	     442	 	     451	 	 59.93 	 	LLEO/I	-	-
S100082   	100082	2026-164	2026-164C	R4          	Vikram OAM	Vikram OAM	2026 Jul 18	R86584	2026 Jul 18 0651:16	Earth	-	O	-	SKYRT	IN	SKYRT	Vikram S4	-	     100 	 	    100 	 	     100 	 	   0.3 	 	  1.0 	 	    0.3 	 	Cyl	2026 Jul 18	     441	 	     451	 	 59.93 	 	LLEO/I	-	-
S100083   	100083	2026-165	2026-165A	P      F m  	Rassvet-3 No. 17	Rassvet-3 No. 2-01	2026 Jul 19	S100142	2026 Jul 19 1800?	Earth	-	O	-	B1440	RU	B1440	Rassvet-2	-	     370 	?	    370 	?	     370 	?	   4.0 	 	  1.0 	 	   10.0 	?	Box+1 pan	2026 Jul 24	     288	 	     326	 	 82.30 	 	LLEO/I	-	-
S100084   	100084	2026-165	2026-165B	P      A    	Rassvet-3 No. 18	Rassvet-3 No. 2-02	2026 Jul 19	S100142	2026 Jul 19 1800?	Earth	-	O	-	B1440	RU	B1440	Rassvet-2	-	     370 	?	    370 	?	     370 	?	   4.0 	 	  1.0 	 	   10.0 	?	Box+1 pan	2026 Jul 24	     288	 	     326	 	 82.30 	 	LLEO/I	-	-
S100085   	100085	2026-165	2026-165C	P      A    	Rassvet-3 No. 19	Rassvet-3 No. 2-03	2026 Jul 19	S100142	2026 Jul 19 1800?	Earth	-	O	-	B1440	RU	B1440	Rassvet-2	-	     370 	?	    370 	?	     370 	?	   4.0 	 	  1.0 	 	   10.0 	?	Box+1 pan	2026 Jul 24	     288	 	     326	 	 82.30 	 	LLEO/I	-	-
S100086   	100086	2026-165	2026-165D	P      A    	Rassvet-3 No. 20	Rassvet-3 No. 2-04	2026 Jul 19	S100142	2026 Jul 19 1800?	Earth	-	O	-	B1440	RU	B1440	Rassvet-2	-	     370 	?	    370 	?	     370 	?	   4.0 	 	  1.0 	 	   10.0 	?	Box+1 pan	2026 Jul 24	     288	 	     326	 	 82.30 	 	LLEO/I	-	-
S100087   	100087	2026-165	2026-165E	P      A    	Rassvet-3 No. 21	Rassvet-3 No. 2-05	2026 Jul 19	S100142	2026 Jul 19 1800?	Earth	-	O	-	B1440	RU	B1440	Rassvet-2	-	     370 	?	    370 	?	     370 	?	   4.0 	 	  1.0 	 	   10.0 	?	Box+1 pan	2026 Jul 24	     288	 	     326	 	 82.30 	 	LLEO/I	-	-
S100088   	100088	2026-165	2026-165F	P      A    	Rassvet-3 No. 22	Rassvet-3 No. 2-06	2026 Jul 19	S100142	2026 Jul 19 1800?	Earth	-	O	-	B1440	RU	B1440	Rassvet-2	-	     370 	?	    370 	?	     370 	?	   4.0 	 	  1.0 	 	   10.0 	?	Box+1 pan	2026 Jul 24	     288	 	     326	 	 82.30 	 	LLEO/I	-	-
S100089   	100089	2026-165	2026-165G	P      F m  	Rassvet-3 No. 23	Rassvet-3 No. 2-07	2026 Jul 19	S100142	2026 Jul 19 1800?	Earth	-	O	-	B1440	RU	B1440	Rassvet-2	-	     370 	?	    370 	?	     370 	?	   4.0 	 	  1.0 	 	   10.0 	?	Box+1 pan	2026 Jul 24	     287	 	     327	 	 82.30 	 	LLEO/I	-	-
S100090   	100090	2026-165	2026-165H	P      A    	Rassvet-3 No. 24	Rassvet-3 No. 2-08	2026 Jul 19	S100142	2026 Jul 19 1800?	Earth	-	O	-	B1440	RU	B1440	Rassvet-2	-	     370 	?	    370 	?	     370 	?	   4.0 	 	  1.0 	 	   10.0 	?	Box+1 pan	2026 Jul 24	     288	 	     325	 	 82.30 	 	LLEO/I	-	-
S100091   	100091	2026-165	2026-165J	P      A    	Rassvet-3 No. 25	Rassvet-3 No. 2-09	2026 Jul 19	S100142	2026 Jul 19 1800?	Earth	-	O	-	B1440	RU	B1440	Rassvet-2	-	     370 	?	    370 	?	     370 	?	   4.0 	 	  1.0 	 	   10.0 	?	Box+1 pan	2026 Jul 24	     288	 	     325	 	 82.30 	 	LLEO/I	-	-
S100092   	100092	2026-165	2026-165K	P      F m  	Rassvet-3 No. 26	Rassvet-3 No. 2-10	2026 Jul 19	S100142	2026 Jul 19 1800?	Earth	-	O	-	B1440	RU	B1440	Rassvet-2	-	     370 	?	    370 	?	     370 	?	   4.0 	 	  1.0 	 	   10.0 	?	Box+1 pan	2026 Jul 24	     288	 	     325	 	 82.30 	 	LLEO/I	-	-
S100093   	100093	2026-165	2026-165L	P      A    	Rassvet-3 No. 27	Rassvet-3 No. 2-11	2026 Jul 19	S100142	2026 Jul 19 1800?	Earth	-	O	-	B1440	RU	B1440	Rassvet-2	-	     370 	?	    370 	?	     370 	?	   4.0 	 	  1.0 	 	   10.0 	?	Box+1 pan	2026 Jul 24	     288	 	     325	 	 82.30 	 	LLEO/I	-	-
S100094   	100094	2026-165	2026-165M	P      A    	Rassvet-3 No. 28	Rassvet-3 No. 2-12	2026 Jul 19	S100142	2026 Jul 19 1800?	Earth	-	O	-	B1440	RU	B1440	Rassvet-2	-	     370 	?	    370 	?	     370 	?	   4.0 	 	  1.0 	 	   10.0 	?	Box+1 pan	2026 Jul 24	     288	 	     325	 	 82.30 	 	LLEO/I	-	-
S100095   	100095	2026-165	2026-165N	P      A    	Rassvet-3 No. 29	Rassvet-3 No. 2-13	2026 Jul 19	S100142	2026 Jul 19 1800?	Earth	-	O	-	B1440	RU	B1440	Rassvet-2	-	     370 	?	    370 	?	     370 	?	   4.0 	 	  1.0 	 	   10.0 	?	Box+1 pan	2026 Jul 24	     288	 	     325	 	 82.30 	 	LLEO/I	-	-
S100096   	100096	2026-165	2026-165P	P      A    	Rassvet-3 No. 30	Rassvet-3 No. 2-14	2026 Jul 19	S100142	2026 Jul 19 1800?	Earth	-	O	-	B1440	RU	B1440	Rassvet-2	-	     370 	?	    370 	?	     370 	?	   4.0 	 	  1.0 	 	   10.0 	?	Box+1 pan	2026 Jul 24	     288	 	     325	 	 82.30 	 	LLEO/I	-	-
S100097   	100097	2026-165	2026-165Q	P      A    	Rassvet-3 No. 31	Rassvet-3 No. 2-15	2026 Jul 19	S100142	2026 Jul 19 1800?	Earth	-	O	-	B1440	RU	B1440	Rassvet-2	-	     370 	?	    370 	?	     370 	?	   4.0 	 	  1.0 	 	   10.0 	?	Box+1 pan	2026 Jul 24	     288	 	     325	 	 82.30 	 	LLEO/I	-	-
S100098   	100098	2026-165	2026-165R	P      A    	Rassvet-3 No. 32	Rassvet-3 No. 2-16	2026 Jul 19	S100142	2026 Jul 19 1800?	Earth	-	O	-	B1440	RU	B1440	Rassvet-2	-	     370 	?	    370 	?	     370 	?	   4.0 	 	  1.0 	 	   10.0 	?	Box+1 pan	2026 Jul 24	     288	 	     324	 	 82.30 	 	LLEO/I	-	-
S100099   	100099	2026-028	2026-028D	C  AG       	Jam-e-Jam adapter	-	2026 Feb 12	S67758	2026 Feb 12 1532?	Earth	-	O	-	VVKOV	RU	RKKE	-	-	       0 	 	      0 	 	       0 	 	   0.0 	 	  0.0 	 	    0.0 	 	-	2026 Jul 20	   34431	 	   35610	 	  0.06 	 	GEO/D	-	-
S100100   	100100	2026-156	2026-156CC	P           	ETSAT-004	ET-001D	2026 Jul  7	A11917	2026 Jul 14	Earth	-	O	-	ETRAQ	US	ETRAQ	ET-01	-	       3 	 	      3 	 	       3 	 	   0.025	 	  0.2 	 	    0.3 	 	Box	2026 Jul 21	     584	 	     598	 	 97.75 	 	LLEO/S	-	-
S100101   	100101	2026-166	2026-166A	P      D    	Starlink 38222	Starlink Group 17-39-01	2026 Jul 21	A11927	2026 Jul 21 1551:06	Earth	-	O	-	SPXS	US	SPXS	Starlink V2MO	-	     575 	 	    530 	?	     575 	 	   0.3 	?	  4.1 	 	   29.0 	?	Box + pan	2026 Jul 24	     273	 	     275	 	 97.28 	 	LLEO/S	-	-
S100102   	100102	2026-166	2026-166B	P      D    	Starlink 37740	Starlink Group 17-39-02	2026 Jul 21	A11927	2026 Jul 21 1551:06	Earth	-	O	-	SPXS	US	SPXS	Starlink V2MO	-	     575 	 	    530 	?	     575 	 	   0.3 	?	  4.1 	 	   29.0 	?	Box + pan	2026 Jul 24	     273	 	     275	 	 97.28 	 	LLEO/S	-	-
S100103   	100103	2026-166	2026-166C	P      D    	Starlink 38214	Starlink Group 17-39-03	2026 Jul 21	A11927	2026 Jul 21 1551:06	Earth	-	O	-	SPXS	US	SPXS	Starlink V2MO	-	     575 	 	    530 	?	     575 	 	   0.3 	?	  4.1 	 	   29.0 	?	Box + pan	2026 Jul 24	     273	 	     275	 	 97.28 	 	LLEO/S	-	-
S100104   	100104	2026-166	2026-166D	P      D    	Starlink 38174	Starlink Group 17-39-04	2026 Jul 21	A11927	2026 Jul 21 1551:06	Earth	-	O	-	SPXS	US	SPXS	Starlink V2MO	-	     575 	 	    530 	?	     575 	 	   0.3 	?	  4.1 	 	   29.0 	?	Box + pan	2026 Jul 24	     272	 	     274	 	 97.28 	 	LLEO/S	-	-
S100105   	100105	2026-166	2026-166E	P      D    	Starlink 38158	Starlink Group 17-39-05	2026 Jul 21	A11927	2026 Jul 21 1551:06	Earth	-	O	-	SPXS	US	SPXS	Starlink V2MO	-	     575 	 	    530 	?	     575 	 	   0.3 	?	  4.1 	 	   29.0 	?	Box + pan	2026 Jul 24	     271	 	     272	 	 97.28 	 	LLEO/S	-	-
S100106   	100106	2026-166	2026-166F	P      D    	Starlink 38161	Starlink Group 17-39-06	2026 Jul 21	A11927	2026 Jul 21 1551:06	Earth	-	O	-	SPXS	US	SPXS	Starlink V2MO	-	     575 	 	    530 	?	     575 	 	   0.3 	?	  4.1 	 	   29.0 	?	Box + pan	2026 Jul 24	     271	 	     272	 	 97.28 	 	LLEO/S	-	-
S100107   	100107	2026-166	2026-166G	P      D    	Starlink 37864	Starlink Group 17-39-07	2026 Jul 21	A11927	2026 Jul 21 1551:06	Earth	-	O	-	SPXS	US	SPXS	Starlink V2MO	-	     575 	 	    530 	?	     575 	 	   0.3 	?	  4.1 	 	   29.0 	?	Box + pan	2026 Jul 24	     271	 	     273	 	 97.28 	 	LLEO/S	-	-
S100108   	100108	2026-166	2026-166H	P      D    	Starlink 38118	Starlink Group 17-39-08	2026 Jul 21	A11927	2026 Jul 21 1551:06	Earth	-	O	-	SPXS	US	SPXS	Starlink V2MO	-	     575 	 	    530 	?	     575 	 	   0.3 	?	  4.1 	 	   29.0 	?	Box + pan	2026 Jul 24	     271	 	     272	 	 97.28 	 	LLEO/S	-	-
S100109   	100109	2026-166	2026-166J	P      D    	Starlink 37712	Starlink Group 17-39-09	2026 Jul 21	A11927	2026 Jul 21 1551:06	Earth	-	O	-	SPXS	US	SPXS	Starlink V2MO	-	     575 	 	    530 	?	     575 	 	   0.3 	?	  4.1 	 	   29.0 	?	Box + pan	2026 Jul 24	     270	 	     272	 	 97.28 	 	LLEO/S	-	-
S100110   	100110	2026-166	2026-166K	P      D    	Starlink 38101	Starlink Group 17-39-10	2026 Jul 21	A11927	2026 Jul 21 1551:06	Earth	-	O	-	SPXS	US	SPXS	Starlink V2MO	-	     575 	 	    530 	?	     575 	 	   0.3 	?	  4.1 	 	   29.0 	?	Box + pan	2026 Jul 24	     270	 	     272	 	 97.28 	 	LLEO/S	-	-
S100111   	100111	2026-166	2026-166L	P      D    	Starlink 38115	Starlink Group 17-39-11	2026 Jul 21	A11927	2026 Jul 21 1551:06	Earth	-	O	-	SPXS	US	SPXS	Starlink V2MO	-	     575 	 	    530 	?	     575 	 	   0.3 	?	  4.1 	 	   29.0 	?	Box + pan	2026 Jul 24	     269	 	     271	 	 97.28 	 	LLEO/S	-	-
S100112   	100112	2026-166	2026-166M	P      D    	Starlink 38113	Starlink Group 17-39-12	2026 Jul 21	A11927	2026 Jul 21 1551:06	Earth	-	O	-	SPXS	US	SPXS	Starlink V2MO	-	     575 	 	    530 	?	     575 	 	   0.3 	?	  4.1 	 	   29.0 	?	Box + pan	2026 Jul 24	     269	 	     270	 	 97.28 	 	LLEO/S	-	-
S100113   	100113	2026-166	2026-166N	P      D    	Starlink 38072	Starlink Group 17-39-13	2026 Jul 21	A11927	2026 Jul 21 1551:06	Earth	-	O	-	SPXS	US	SPXS	Starlink V2MO	-	     575 	 	    530 	?	     575 	 	   0.3 	?	  4.1 	 	   29.0 	?	Box + pan	2026 Jul 24	     269	 	     270	 	 97.28 	 	LLEO/S	-	-
S100114   	100114	2026-166	2026-166P	P      D    	Starlink 38088	Starlink Group 17-39-14	2026 Jul 21	A11927	2026 Jul 21 1551:06	Earth	-	O	-	SPXS	US	SPXS	Starlink V2MO	-	     575 	 	    530 	?	     575 	 	   0.3 	?	  4.1 	 	   29.0 	?	Box	2026 Jul 24	     268	 	     270	 	 97.28 	 	LLEO/S	-	-
S100115   	100115	2026-166	2026-166Q	P      D    	Starlink 38044	Starlink Group 17-39-15	2026 Jul 21	A11927	2026 Jul 21 1551:06	Earth	-	O	-	SPXS	US	SPXS	Starlink V2MO	-	     575 	 	    530 	?	     575 	 	   0.3 	?	  4.1 	 	   29.0 	?	Box + pan	2026 Jul 24	     267	 	     269	 	 97.28 	 	LLEO/S	-	-
S100116   	100116	2026-166	2026-166R	P      D    	Starlink 38038	Starlink Group 17-39-16	2026 Jul 21	A11927	2026 Jul 21 1551:06	Earth	-	O	-	SPXS	US	SPXS	Starlink V2MO	-	     575 	 	    530 	?	     575 	 	   0.3 	?	  4.1 	 	   29.0 	?	Box + pan	2026 Jul 24	     268	 	     270	 	 97.28 	 	LLEO/S	-	-
S100117   	100117	2026-166	2026-166S	P      D    	Starlink 38062	Starlink Group 17-39-17	2026 Jul 21	A11927	2026 Jul 21 1551:06	Earth	-	O	-	SPXS	US	SPXS	Starlink V2MO	-	     575 	 	    530 	?	     575 	 	   0.3 	?	  4.1 	 	   29.0 	?	Box + pan	2026 Jul 24	     267	 	     269	 	 97.28 	 	LLEO/S	-	-
S100118   	100118	2026-166	2026-166T	P      D    	Starlink 38030	Starlink Group 17-39-18	2026 Jul 21	A11927	2026 Jul 21 1551:06	Earth	-	O	-	SPXS	US	SPXS	Starlink V2MO	-	     575 	 	    530 	?	     575 	 	   0.3 	?	  4.1 	 	   29.0 	?	Box + pan	2026 Jul 24	     267	 	     269	 	 97.28 	 	LLEO/S	-	-
S100119   	100119	2026-166	2026-166U	P      D    	Starlink 38096	Starlink Group 17-39-19	2026 Jul 21	A11927	2026 Jul 21 1551:06	Earth	-	O	-	SPXS	US	SPXS	Starlink V2MO	-	     575 	 	    530 	?	     575 	 	   0.3 	?	  4.1 	 	   29.0 	?	Box + pan	2026 Jul 24	     266	 	     268	 	 97.28 	 	LLEO/S	-	-
S100120   	100120	2026-166	2026-166V	P      D    	Starlink 38120	Starlink Group 17-39-20	2026 Jul 21	A11927	2026 Jul 21 1551:06	Earth	-	O	-	SPXS	US	SPXS	Starlink V2MO	-	     575 	 	    530 	?	     575 	 	   0.3 	?	  4.1 	 	   29.0 	?	Box + pan	2026 Jul 24	     266	 	     268	 	 97.28 	 	LLEO/S	-	-
S100121   	100121	2026-166	2026-166W	P      D    	Starlink 38160	Starlink Group 17-39-21	2026 Jul 21	A11927	2026 Jul 21 1551:06	Earth	-	O	-	SPXS	US	SPXS	Starlink V2MO	-	     575 	 	    530 	?	     575 	 	   0.3 	?	  4.1 	 	   29.0 	?	Box + pan	2026 Jul 24	     266	 	     268	 	 97.28 	 	LLEO/S	-	-
S100122   	100122	2026-166	2026-166X	P      D    	Starlink 38135	Starlink Group 17-39-22	2026 Jul 21	A11927	2026 Jul 21 1551:06	Earth	-	O	-	SPXS	US	SPXS	Starlink V2MO	-	     575 	 	    530 	?	     575 	 	   0.3 	?	  4.1 	 	   29.0 	?	Box + pan	2026 Jul 24	     265	 	     268	 	 97.28 	 	LLEO/S	-	-
S100123   	100123	2026-166	2026-166Y	P      D    	Starlink 38134	Starlink Group 17-39-23	2026 Jul 21	A11927	2026 Jul 21 1551:06	Earth	-	O	-	SPXS	US	SPXS	Starlink V2MO	-	     575 	 	    530 	?	     575 	 	   0.3 	?	  4.1 	 	   29.0 	?	Box + pan	2026 Jul 24	     265	 	     267	 	 97.28 	 	LLEO/S	-	-
S100124   	100124	2026-166	2026-166Z	P      D    	Starlink 37991	Starlink Group 17-39-24	2026 Jul 21	A11927	2026 Jul 21 1551:06	Earth	-	O	-	SPXS	US	SPXS	Starlink V2MO	-	     575 	 	    530 	?	     575 	 	   0.3 	?	  4.1 	 	   29.0 	?	Box + pan	2026 Jul 24	     265	 	     267	 	 97.28 	 	LLEO/S	-	-
S100125   	100125	2026-167	2026-167A	P   G       	MRV-1	MRV-1	2026 Jul 21	A11928	2026 Jul 21 2150	Earth	-	O	-	SPLOG	US	NGISD	Geostar-3	IHI BT-4?	    3000 	 	   2000 	?	    3000 	 	   5.0 	?	  2.5 	 	   25.0 	?	Box + 2 pan	2026 Jul 30	     310	 	   44756	 	 25.69 	 	HEO	-	-
S100126   	100126	2026-167	2026-167B	P   G       	MEP-1	MEP-1	2026 Jul 21	A11928	2026 Jul 21 2200	Earth	-	O	-	SPLOG	US	NGISD	Geostar-3	IHI BT-4?	     500 	 	    400 	?	     500 	 	   1.2 	?	  0.8 	?	   10.0 	?	Box + 2 pan	2026 Jul 30	     316	 	   44815	 	 25.63 	 	HEO	-	-
S100127   	100127	2026-167	2026-167C	P   G       	MEP-2	MEP-2	2026 Jul 21	A11928	2026 Jul 21 2210	Earth	-	O	-	SPLOG	US	NGISD	Geostar-3	IHI BT-4?	     500 	 	    400 	?	     500 	 	   1.2 	?	  0.8 	?	   10.0 	?	Box + 2 pan	2026 Jul 30	     318	 	   44806	 	 25.67 	 	HEO	-	-
S100128   	100128	2026-167	2026-167D	P   G       	MEP-3	MEP-3	2026 Jul 21	A11928	2026 Jul 21 2220	Earth	-	O	-	SPLOG	US	NGISD	Geostar-3	IHI BT-4?	     500 	 	    400 	?	     500 	 	   1.2 	?	  0.8 	?	   10.0 	?	Box + 2 pan	2026 Jul 30	     318	 	   44799	 	 25.64 	 	HEO	-	-
S100129   	NNA	2026-168	2026-168A	P       ?   	Dongpo 13	Dongpo-13	2026 Jul 22	S100138	2026 Jul 22 0310?	Earth	-	O	-	HUANTZ	CN	WEINWX	Dongpo	-	     300 	?	    300 	?	     300 	?	   1.5 	?	  1.0 	?	    1.5 	?	Box	2026 Jul 23	     527	 	     551	 	 97.54 	 	LLEO/S	-	-
S100130   	NNA	2026-168	2026-168B	P       ?   	Dongpo 14	Dongpo-14	2026 Jul 22	S100138	2026 Jul 22 0310?	Earth	-	O	-	HUANTZ	CN	WEINWX	Dongpo	-	     300 	?	    300 	?	     300 	?	   1.5 	?	  1.0 	?	    1.5 	?	Box	2026 Jul 23	     526	 	     551	 	 97.54 	 	LLEO/S	-	-
S100131   	NNA	2026-168	2026-168C	P       ?   	Dongpo 17	Dongpo-17	2026 Jul 22	S100138	2026 Jul 22 0310?	Earth	-	O	-	HUANTZ	CN	WEINWX	Dongpo	-	     300 	?	    300 	?	     300 	?	   1.5 	?	  1.0 	?	    1.5 	?	Box	2026 Jul 23	     525	 	     551	 	 97.54 	 	LLEO/S	-	-
S100132   	NNA	2026-168	2026-168D	P       ?   	Dongpo 18	Dongpo-18	2026 Jul 22	S100138	2026 Jul 22 0310?	Earth	-	O	-	HUANTZ	CN	WEINWX	Dongpo	-	     300 	?	    300 	?	     300 	?	   1.5 	?	  1.0 	?	    1.5 	?	Box	2026 Jul 23	     525	 	     550	 	 97.54 	 	LLEO/S	-	-
S100133   	NNA	2026-168	2026-168E	P       ?   	Dongpo 19	Dongpo-19	2026 Jul 22	S100138	2026 Jul 22 0310?	Earth	-	O	-	HUANTZ	CN	WEINWX	Dongpo	-	     300 	?	    300 	?	     300 	?	   1.5 	?	  1.0 	?	    1.5 	?	Box	2026 Jul 23	     525	 	     551	 	 97.54 	 	LLEO/S	-	-
S100134   	NNA	2026-168	2026-168F	P       ?   	Dongpo 20	Dongpo-20	2026 Jul 22	S100138	2026 Jul 22 0310?	Earth	-	O	-	HUANTZ	CN	WEINWX	Dongpo	-	     300 	?	    300 	?	     300 	?	   1.5 	?	  1.0 	?	    1.5 	?	Box	2026 Jul 23	     525	 	     550	 	 97.55 	 	LLEO/S	-	-
S100135   	NNA	2026-168	2026-168G	P       ?   	Beiyou-4	Tianyi-49	2026 Jul 22	S100138	2026 Jul 22 0310?	Earth	-	O	-	YOUD	CN	CTYK	TY	-	      50 	?	     50 	?	      50 	?	   0.5 	 	  0.3 	 	    1.0 	 	Box + 2 pan	2026 Jul 23	     524	 	     550	 	 97.54 	 	LLEO/S	-	-
S100136   	NNA	2026-168	2026-168H	P       ?   	Xiguang 2-01	Caiyun gaoguangpu 01 xing	2026 Jul 22	S100138	2026 Jul 22 0310?	Earth	-	O	-	ZXHK	CN	XIOPM/ZXHK	MN100?	-	     100 	?	    100 	?	     100 	?	   0.3 	 	  0.3 	 	    1.0 	 	Box + 2 pan	2026 Jul 23	     524	 	     550	 	 97.54 	 	LLEO/S	-	-
S100137   	NNA	2026-168	2026-168J	P       ?   	Zidingxiang-3	Kaiyun-2	2026 Jul 22	S100138	2026 Jul 22 0310?	Earth	-	O	-	KAIYUN/HARB	CN	HARB	ZDX3	-	      30 	 	     30 	 	      30 	 	   0.050	 	  1.0 	 	    1.0 	 	Disk	2026 Jul 23	     523	 	     550	 	 97.54 	 	LLEO/S	-	-
S100138   	100138	2026-168	2026-168K	R3          	YL-1 Y4 Stage 3	YL-1 Stage 3	2026 Jul 22	R86596	2026 Jul 22 0310?	Earth	-	O	-	CASC	CN	CALT	-	-	    1000 	 	   1000 	 	    1000 	 	   2.0 	 	  2.0 	?	    2.0 	 	Cyl	2026 Jul 23	     320	 	     530	 	 97.54 	 	LLEO/S	-	-
S100139   	100139	2026-067	2026-067CZ	P           	Pessoa	Lusiada-4	2026 Mar 30	S68435	2026 Jul 16 1300?	Earth	-	O	-	LUSO	P	LUSO	Cubesat 8U	-	      15 	?	     15 	?	      15 	?	   0.4 	 	  0.2 	 	    0.4 	 	Box	2026 Jul 23	     504	 	     512	 	 97.46 	 	LLEO/S	-	-
S100140   	100140	2026-169	2026-169A	P   G       	Tian Lian 2-06	Tianlian-2 06 xing	2026 Jul 23	S100141	2026 Jul 23 1225?	Earth	-	O	-	CAST	CN	CAST	DFH-4	FY-25	    5000 	?	   2000 	?	    5000 	?	   6.0 	?	  2.5 	?	   20.0 	?	Box + 2 Pan + Dish	2026 Aug 11	   35772	 	   35802	 	  2.98 	 	GEO/S	-	-
S100141   	100141	2026-169	2026-169B	R3          	CZ-3B Y118 Stage 3	CZ-3B Stage 3	2026 Jul 23	R86604	2026 Jul 23 1210	Earth	-	O	-	CASC	CN	CALT	CZ-3A Stage 3	-	    8400 	?	   2800 	?	    2800 	?	  12.4 	 	  3.0 	 	   12.4 	 	Cyl	2026 Jul 23	     172	 	   36064	 	 27.02 	 	GTO	-	-
S100142   	100142	2026-165	2026-165S	R3          	Soyuz-2-1b xx-xxx Blok-I	Blok-I 14S54	2026 Jul 19	R86587	2026 Jul 19 1800?	Earth	-	O	-	RVSNR	RU	PROGT	Blok-I	-	    2350 	 	   2350 	 	    2350 	?	   6.7 	 	  2.7 	 	    6.7 	 	Cyl	2026 Jul 24	     290	 	     325	 	 82.29 	 	LLEO/I	-	-
S100143   	NNA	2026-170	2026-170A	P       ?   	Yinglong Fengguang-1	Yinglong Fengguang-1	2026 Jul 23	A11951	2026 Jul 23 2353?	Earth	-	O	-	YINGL	CN	XUNQ	YLFG	-	     250 	?	    250 	?	     250 	?	   1.5 	?	  1.0 	?	    1.5 	?	Box	2026 Jul 24	     534	 	     553	 	 97.56 	 	LLEO/S	-	-
S100144   	NNA	2026-170	2026-170B	P       ?   	Yunjian Muxi	Jitianxing A-04 xing	2026 Jul 23	A11951	2026 Jul 23 2353?	Earth	-	O	-	ZJLAB/MUXI	CN	XUNQ	Xingyun-01	-	     250 	?	    250 	?	     250 	?	   2.0 	?	  1.5 	?	    5.0 	?	Box + pan	2026 Jul 24	     532	 	     555	 	 97.55 	 	LLEO/S	-	-
S100145   	NNA	2026-170	2026-170C	P       ?   	Gande 1-01	Gande 1-01	2026 Jul 23	A11951	2026 Jul 23 2353?	Earth	-	O	-	AOTIAN	CN	LIANG/AOTIAN	Gande	-	     250 	?	    250 	?	     250 	?	   2.0 	?	  1.5 	?	    5.0 	?	Box + pan	2026 Jul 24	     534	 	     553	 	 97.56 	 	LLEO/S	-	-
S100146   	NNA	2026-170	2026-170D	P       ?   	Zhonghang Hongwai 1	Xiguang 2-03	2026 Jul 23	A11951	2026 Jul 23 2353?	Earth	-	O	-	XGCM	CN	XUNQ	YX2	-	     250 	?	    250 	?	     250 	?	   1.5 	?	  1.0 	?	    1.5 	?	Box	2026 Jul 24	     534	 	     553	 	 97.55 	 	LLEO/S	-	Xinghuo T2
S100147   	NNA	2026-170	2026-170E	P       ?   	Chenguang-1	Tianyi-48	2026 Jul 23	A11951	2026 Jul 23 2353?	Earth	-	O	-	CHENG	CN	CTYK	-	-	     250 	?	    250 	?	     250 	?	   1.5 	?	  1.0 	?	    1.5 	?	Box	2026 Jul 24	     533	 	     552	 	 97.56 	 	LLEO/S	-	-
S100148   	100148	2026-171	2026-171A	P      O    	Starlink 38182	Starlink Group 17-51-01	2026 Jul 25	A11950	2026 Jul 25 1652:56	Earth	-	O	-	SPXS	US	SPXS	Starlink V2MO	-	     575 	 	    530 	?	     575 	 	   0.3 	?	  4.1 	 	   29.0 	?	Box + pan	2026 Jul 26	     256	 	     270	 	 97.28 	 	LLEO/S	-	-
S100149   	100149	2026-171	2026-171B	P      A    	Starlink 38100	Starlink Group 17-51-02	2026 Jul 25	A11950	2026 Jul 25 1652:56	Earth	-	O	-	SPXS	US	SPXS	Starlink V2MO	-	     575 	 	    530 	?	     575 	 	   0.3 	?	  4.1 	 	   29.0 	?	Box + pan	2026 Jul 25	     257	 	     271	 	 97.28 	 	LLEO/S	-	-
S100150   	100150	2026-171	2026-171C	P      A    	Starlink 38179	Starlink Group 17-51-03	2026 Jul 25	A11950	2026 Jul 25 1652:56	Earth	-	O	-	SPXS	US	SPXS	Starlink V2MO	-	     575 	 	    530 	?	     575 	 	   0.3 	?	  4.1 	 	   29.0 	?	Box + pan	2026 Jul 25	     257	 	     271	 	 97.28 	 	LLEO/S	-	-
S100151   	100151	2026-171	2026-171D	P      A    	Starlink 38173	Starlink Group 17-51-04	2026 Jul 25	A11950	2026 Jul 25 1652:56	Earth	-	O	-	SPXS	US	SPXS	Starlink V2MO	-	     575 	 	    530 	?	     575 	 	   0.3 	?	  4.1 	 	   29.0 	?	Box + pan	2026 Jul 26	     255	 	     270	 	 97.28 	 	LLEO/S	-	-
S100152   	100152	2026-171	2026-171E	P      A    	Starlink 38111	Starlink Group 17-51-05	2026 Jul 25	A11950	2026 Jul 25 1652:56	Earth	-	O	-	SPXS	US	SPXS	Starlink V2MO	-	     575 	 	    530 	?	     575 	 	   0.3 	?	  4.1 	 	   29.0 	?	Box + pan	2026 Jul 25	     257	 	     271	 	 97.28 	 	LLEO/S	-	-
S100153   	100153	2026-171	2026-171F	P      A    	Starlink 38081	Starlink Group 17-51-06	2026 Jul 25	A11950	2026 Jul 25 1652:56	Earth	-	O	-	SPXS	US	SPXS	Starlink V2MO	-	     575 	 	    530 	?	     575 	 	   0.3 	?	  4.1 	 	   29.0 	?	Box + pan	2026 Jul 25	     256	 	     271	 	 97.28 	 	LLEO/S	-	-
S100154   	100154	2026-171	2026-171G	P      A    	Starlink 38132	Starlink Group 17-51-07	2026 Jul 25	A11950	2026 Jul 25 1652:56	Earth	-	O	-	SPXS	US	SPXS	Starlink V2MO	-	     575 	 	    530 	?	     575 	 	   0.3 	?	  4.1 	 	   29.0 	?	Box + pan	2026 Jul 26	     255	 	     269	 	 97.28 	 	LLEO/S	-	-
S100155   	100155	2026-171	2026-171H	P      A    	Starlink 38127	Starlink Group 17-51-08	2026 Jul 25	A11950	2026 Jul 25 1652:56	Earth	-	O	-	SPXS	US	SPXS	Starlink V2MO	-	     575 	 	    530 	?	     575 	 	   0.3 	?	  4.1 	 	   29.0 	?	Box + pan	2026 Jul 25	     256	 	     271	 	 97.28 	 	LLEO/S	-	-
S100156   	100156	2026-171	2026-171J	P      A    	Starlink 38121	Starlink Group 17-51-09	2026 Jul 25	A11950	2026 Jul 25 1652:56	Earth	-	O	-	SPXS	US	SPXS	Starlink V2MO	-	     575 	 	    530 	?	     575 	 	   0.3 	?	  4.1 	 	   29.0 	?	Box + pan	2026 Jul 25	     256	 	     271	 	 97.28 	 	LLEO/S	-	-
S100157   	100157	2026-171	2026-171K	P      A    	Starlink 38152	Starlink Group 17-51-10	2026 Jul 25	A11950	2026 Jul 25 1652:56	Earth	-	O	-	SPXS	US	SPXS	Starlink V2MO	-	     575 	 	    530 	?	     575 	 	   0.3 	?	  4.1 	 	   29.0 	?	Box + pan	2026 Jul 25	     256	 	     271	 	 97.28 	 	LLEO/S	-	-
S100158   	100158	2026-171	2026-171L	P      A    	Starlink 38192	Starlink Group 17-51-11	2026 Jul 25	A11950	2026 Jul 25 1652:56	Earth	-	O	-	SPXS	US	SPXS	Starlink V2MO	-	     575 	 	    530 	?	     575 	 	   0.3 	?	  4.1 	 	   29.0 	?	Box + pan	2026 Jul 26	     254	 	     269	 	 97.28 	 	LLEO/S	-	-
S100159   	100159	2026-171	2026-171M	P      A    	Starlink 38162	Starlink Group 17-51-12	2026 Jul 25	A11950	2026 Jul 25 1652:56	Earth	-	O	-	SPXS	US	SPXS	Starlink V2MO	-	     575 	 	    530 	?	     575 	 	   0.3 	?	  4.1 	 	   29.0 	?	Box + pan	2026 Jul 25	     257	 	     271	 	 97.28 	 	LLEO/S	-	-
S100160   	100160	2026-171	2026-171N	P      A    	Starlink 38198	Starlink Group 17-51-13	2026 Jul 25	A11950	2026 Jul 25 1652:56	Earth	-	O	-	SPXS	US	SPXS	Starlink V2MO	-	     575 	 	    530 	?	     575 	 	   0.3 	?	  4.1 	 	   29.0 	?	Box + pan	2026 Jul 25	     256	 	     271	 	 97.28 	 	LLEO/S	-	-
S100161   	100161	2026-171	2026-171P	P      D    	Starlink 38175	Starlink Group 17-51-14	2026 Jul 25	A11950	2026 Jul 25 1652:56	Earth	-	O	-	SPXS	US	SPXS	Starlink V2MO	-	     575 	 	    530 	?	     575 	 	   0.3 	?	  4.1 	 	   29.0 	?	Box	2026 Jul 25	     256	 	     271	 	 97.28 	 	LLEO/S	-	-
S100162   	100162	2026-171	2026-171Q	P      O    	Starlink 38186	Starlink Group 17-51-15	2026 Jul 25	A11950	2026 Jul 25 1652:56	Earth	-	O	-	SPXS	US	SPXS	Starlink V2MO	-	     575 	 	    530 	?	     575 	 	   0.3 	?	  4.1 	 	   29.0 	?	Box + pan	2026 Jul 26	     254	 	     269	 	 97.28 	 	LLEO/S	-	-
S100163   	100163	2026-171	2026-171R	P      A    	Starlink 38097	Starlink Group 17-51-16	2026 Jul 25	A11950	2026 Jul 25 1652:56	Earth	-	O	-	SPXS	US	SPXS	Starlink V2MO	-	     575 	 	    530 	?	     575 	 	   0.3 	?	  4.1 	 	   29.0 	?	Box + pan	2026 Jul 25	     256	 	     271	 	 97.28 	 	LLEO/S	-	-
S100164   	100164	2026-171	2026-171S	P      D    	Starlink 38098	Starlink Group 17-51-17	2026 Jul 25	A11950	2026 Jul 25 1652:56	Earth	-	O	-	SPXS	US	SPXS	Starlink V2MO	-	     575 	 	    530 	?	     575 	 	   0.3 	?	  4.1 	 	   29.0 	?	Box + pan	2026 Jul 25	     256	 	     271	 	 97.28 	 	LLEO/S	-	-
S100165   	100165	2026-171	2026-171T	P      A    	Starlink 38079	Starlink Group 17-51-18	2026 Jul 25	A11950	2026 Jul 25 1652:56	Earth	-	O	-	SPXS	US	SPXS	Starlink V2MO	-	     575 	 	    530 	?	     575 	 	   0.3 	?	  4.1 	 	   29.0 	?	Box + pan	2026 Jul 26	     253	 	     268	 	 97.28 	 	LLEO/S	-	-
S100166   	100166	2026-171	2026-171U	P      A    	Starlink 38136	Starlink Group 17-51-19	2026 Jul 25	A11950	2026 Jul 25 1652:56	Earth	-	O	-	SPXS	US	SPXS	Starlink V2MO	-	     575 	 	    530 	?	     575 	 	   0.3 	?	  4.1 	 	   29.0 	?	Box + pan	2026 Jul 25	     256	 	     271	 	 97.28 	 	LLEO/S	-	-
S100167   	100167	2026-171	2026-171V	P      A    	Starlink 38150	Starlink Group 17-51-20	2026 Jul 25	A11950	2026 Jul 25 1652:56	Earth	-	O	-	SPXS	US	SPXS	Starlink V2MO	-	     575 	 	    530 	?	     575 	 	   0.3 	?	  4.1 	 	   29.0 	?	Box + pan	2026 Jul 26	     253	 	     268	 	 97.28 	 	LLEO/S	-	-
S100168   	100168	2026-171	2026-171W	P      D    	Starlink 38151	Starlink Group 17-51-21	2026 Jul 25	A11950	2026 Jul 25 1652:56	Earth	-	O	-	SPXS	US	SPXS	Starlink V2MO	-	     575 	 	    530 	?	     575 	 	   0.3 	?	  4.1 	 	   29.0 	?	Box + pan	2026 Jul 26	     253	 	     268	 	 97.28 	 	LLEO/S	-	-
S100169   	100169	2026-171	2026-171X	P      A    	Starlink 38149	Starlink Group 17-51-22	2026 Jul 25	A11950	2026 Jul 25 1652:56	Earth	-	O	-	SPXS	US	SPXS	Starlink V2MO	-	     575 	 	    530 	?	     575 	 	   0.3 	?	  4.1 	 	   29.0 	?	Box + pan	2026 Jul 25	     256	 	     271	 	 97.28 	 	LLEO/S	-	-
S100170   	100170	2026-171	2026-171Y	P      A    	Starlink 38217	Starlink Group 17-51-23	2026 Jul 25	A11950	2026 Jul 25 1652:56	Earth	-	O	-	SPXS	US	SPXS	Starlink V2MO	-	     575 	 	    530 	?	     575 	 	   0.3 	?	  4.1 	 	   29.0 	?	Box + pan	2026 Jul 25	     256	 	     271	 	 97.28 	 	LLEO/S	-	-
S100171   	100171	2026-171	2026-171Z	P      D    	Starlink 38197	Starlink Group 17-51-24	2026 Jul 25	A11950	2026 Jul 25 1652:56	Earth	-	O	-	SPXS	US	SPXS	Starlink V2MO	-	     575 	 	    530 	?	     575 	 	   0.3 	?	  4.1 	 	   29.0 	?	Box + pan	2026 Jul 25	     256	 	     271	 	 97.28 	 	LLEO/S	-	-
S100172   	100172	2026-172	2026-172A	P   G       	Tianlian 3-01	Tianlian 3-01	2026 Jul 29	S100173	2026 Jul 29 1214?	Earth	-	O	-	CAST	CN	CAST	DFH-4E	FY-25	    6000 	?	   3000 	?	    6000 	?	   6.0 	?	  2.5 	?	   20.0 	?	Box + 2 Pan + Dish	2026 Aug 18	   35776	 	   35797	 	  0.08 	 	GEO/S	-	-
S100173   	100173	2026-172	2026-172B	R3          	CZ-7A Y29 Stage 3	CZ-7A Stage 3	2026 Jul 29	R86622	2026 Jul 29 1200?	Earth	-	O	-	CASC	CN	CALT	CZ-3A Stage 3	-	    8400 	?	   2800 	?	    2800 	?	  12.4 	 	  3.0 	 	   12.4 	 	Cyl	2026 Aug  1	     153	 	   34288	 	 15.43 	 	GTO	-	-
S100174   	100174	2026-173	2026-173A	P           	TJS 27A	TJS 27A	2026 Jul 30	S100177	2026 Jul 30 0125?	Earth	-	O	-	ZLZB	CN	CAST	TJS26A	-	    3000 	?	   3000 	?	    3000 	?	   4.0 	?	  2.0 	?	   10.0 	?	Box + 2 Pan	2026 Jul 31	    1148	 	    1158	 	 64.79 	 	LEO/I	-	-
S100175   	100175	2026-173	2026-173B	C  A        	deb TJS 27	TJS 27 adapter	2026 Jul 30	S100177	2026 Jul 30 0125?	Earth	-	O	-	ZLZB	CN	SAST	-	-	       0 	 	      0 	 	       0 	 	   0.0 	 	  0.0 	 	    0.0 	 	-	2026 Aug  1	    1148	 	    1160	 	 64.79 	 	LEO/I	-	-
S100176   	100176	2026-173	2026-173C	P           	TJS 27B	TJS 27B	2026 Jul 30	S100177	2026 Jul 30 0125?	Earth	-	O	-	ZLZB	CN	SAST	TJS26B	-	    1000 	?	   1000 	?	    1000 	?	   4.0 	?	  2.0 	?	   10.0 	?	Box + 2 Pan	2026 Jul 31	    1148	 	    1160	 	 64.79 	 	LEO/I	-	-
S100177   	100177	2026-173	2026-173D	R2          	CZ-6A Y18 Stage 2	CZ-6A Stage 2	2026 Jul 30	R86623	2026 Jul 30 0110?	Earth	-	O	-	CNSA	CN	SAST	CZ-6A Stage 2	YF-115	    6000 	?	   6000 	?	    6000 	?	  11.5 	?	  3.4 	 	   11.5 	?	Cyl	2026 Jul 31	    1148	 	    1157	 	 64.79 	 	LEO/I	-	-
S100178   	100178	2026-174	2026-174A	P ------C   	USA 619	[INTRUDER 20]	2026 Jul 30	A11952	2026 Jul 30 0825?	Earth	-	O	-	NROC/USN	US	LMSSD	NOSS-3	-	    1000 	?	   1000 	?	    1000 	?	   2.0 	?	  2.0 	?	    2.0 	?	Cyl	-	       0	 	       0	 	  0.00 	 	-	-	-
S100179   	100179	2026-175	2026-175A	P      D    	Starlink 38095	Starlink Group 17-52-01	2026 Aug  1	A11953	2026 Aug  1 0410:23	Earth	-	O	-	SPXS	US	SPXS	Starlink V2MO	-	     575 	 	    530 	?	     575 	 	   0.3 	?	  4.1 	 	   29.0 	?	Box + pan	2026 Aug  3	     277	 	     279	 	 97.29 	 	LLEO/S	-	-
S100180   	100180	2026-175	2026-175B	P      D    	Starlink 38184	Starlink Group 17-52-02	2026 Aug  1	A11953	2026 Aug  1 0410:23	Earth	-	O	-	SPXS	US	SPXS	Starlink V2MO	-	     575 	 	    530 	?	     575 	 	   0.3 	?	  4.1 	 	   29.0 	?	Box + pan	2026 Aug  3	     276	 	     278	 	 97.29 	 	LLEO/S	-	-
S100181   	100181	2026-175	2026-175C	P      D    	Starlink 38112	Starlink Group 17-52-03	2026 Aug  1	A11953	2026 Aug  1 0410:23	Earth	-	O	-	SPXS	US	SPXS	Starlink V2MO	-	     575 	 	    530 	?	     575 	 	   0.3 	?	  4.1 	 	   29.0 	?	Box + pan	2026 Aug  3	     275	 	     277	 	 97.29 	 	LLEO/S	-	-
S100182   	100182	2026-175	2026-175D	P      D    	Starlink 38140	Starlink Group 17-52-04	2026 Aug  1	A11953	2026 Aug  1 0410:23	Earth	-	O	-	SPXS	US	SPXS	Starlink V2MO	-	     575 	 	    530 	?	     575 	 	   0.3 	?	  4.1 	 	   29.0 	?	Box + pan	2026 Aug  3	     275	 	     277	 	 97.29 	 	LLEO/S	-	-
S100183   	100183	2026-175	2026-175E	P      D    	Starlink 38142	Starlink Group 17-52-05	2026 Aug  1	A11953	2026 Aug  1 0410:23	Earth	-	O	-	SPXS	US	SPXS	Starlink V2MO	-	     575 	 	    530 	?	     575 	 	   0.3 	?	  4.1 	 	   29.0 	?	Box + pan	2026 Aug  3	     274	 	     276	 	 97.29 	 	LLEO/S	-	-
S100184   	100184	2026-175	2026-175F	P      D    	Starlink 37207	Starlink Group 17-52-06	2026 Aug  1	A11953	2026 Aug  1 0410:23	Earth	-	O	-	SPXS	US	SPXS	Starlink V2MO	-	     575 	 	    530 	?	     575 	 	   0.3 	?	  4.1 	 	   29.0 	?	Box + pan	2026 Aug  3	     273	 	     275	 	 97.29 	 	LLEO/S	-	-
S100185   	100185	2026-175	2026-175G	P      D    	Starlink 38104	Starlink Group 17-52-07	2026 Aug  1	A11953	2026 Aug  1 0410:23	Earth	-	O	-	SPXS	US	SPXS	Starlink V2MO	-	     575 	 	    530 	?	     575 	 	   0.3 	?	  4.1 	 	   29.0 	?	Box + pan	2026 Aug  3	     273	 	     275	 	 97.29 	 	LLEO/S	-	-
S100186   	100186	2026-175	2026-175H	P      D    	Starlink 38159	Starlink Group 17-52-08	2026 Aug  1	A11953	2026 Aug  1 0410:23	Earth	-	O	-	SPXS	US	SPXS	Starlink V2MO	-	     575 	 	    530 	?	     575 	 	   0.3 	?	  4.1 	 	   29.0 	?	Box + pan	2026 Aug  3	     272	 	     273	 	 97.29 	 	LLEO/S	-	-
S100187   	100187	2026-175	2026-175J	P      D    	Starlink 38130	Starlink Group 17-52-09	2026 Aug  1	A11953	2026 Aug  1 0410:23	Earth	-	O	-	SPXS	US	SPXS	Starlink V2MO	-	     575 	 	    530 	?	     575 	 	   0.3 	?	  4.1 	 	   29.0 	?	Box + pan	2026 Aug  3	     271	 	     272	 	 97.29 	 	LLEO/S	-	-
S100188   	100188	2026-175	2026-175K	P      D    	Starlink 38141	Starlink Group 17-52-10	2026 Aug  1	A11953	2026 Aug  1 0410:23	Earth	-	O	-	SPXS	US	SPXS	Starlink V2MO	-	     575 	 	    530 	?	     575 	 	   0.3 	?	  4.1 	 	   29.0 	?	Box + pan	2026 Aug  3	     270	 	     272	 	 97.29 	 	LLEO/S	-	-
S100189   	100189	2026-175	2026-175L	P      D    	Starlink 38176	Starlink Group 17-52-11	2026 Aug  1	A11953	2026 Aug  1 0410:23	Earth	-	O	-	SPXS	US	SPXS	Starlink V2MO	-	     575 	 	    530 	?	     575 	 	   0.3 	?	  4.1 	 	   29.0 	?	Box + pan	2026 Aug  3	     270	 	     271	 	 97.29 	 	LLEO/S	-	-
S100190   	100190	2026-175	2026-175M	P      D    	Starlink 38223	Starlink Group 17-52-12	2026 Aug  1	A11953	2026 Aug  1 0410:23	Earth	-	O	-	SPXS	US	SPXS	Starlink V2MO	-	     575 	 	    530 	?	     575 	 	   0.3 	?	  4.1 	 	   29.0 	?	Box + pan	2026 Aug  3	     268	 	     270	 	 97.29 	 	LLEO/S	-	-
S100191   	100191	2026-175	2026-175N	P      D    	Starlink 38165	Starlink Group 17-52-13	2026 Aug  1	A11953	2026 Aug  1 0410:23	Earth	-	O	-	SPXS	US	SPXS	Starlink V2MO	-	     575 	 	    530 	?	     575 	 	   0.3 	?	  4.1 	 	   29.0 	?	Box + pan	2026 Aug  3	     267	 	     269	 	 97.29 	 	LLEO/S	-	-
S100192   	100192	2026-175	2026-175P	P      D    	Starlink 38228	Starlink Group 17-52-14	2026 Aug  1	A11953	2026 Aug  1 0410:23	Earth	-	O	-	SPXS	US	SPXS	Starlink V2MO	-	     575 	 	    530 	?	     575 	 	   0.3 	?	  4.1 	 	   29.0 	?	Box	2026 Aug  3	     266	 	     268	 	 97.29 	 	LLEO/S	-	-
S100193   	100193	2026-175	2026-175Q	P      D    	Starlink 38227	Starlink Group 17-52-15	2026 Aug  1	A11953	2026 Aug  1 0410:23	Earth	-	O	-	SPXS	US	SPXS	Starlink V2MO	-	     575 	 	    530 	?	     575 	 	   0.3 	?	  4.1 	 	   29.0 	?	Box + pan	2026 Aug  3	     266	 	     268	 	 97.29 	 	LLEO/S	-	-
S100194   	100194	2026-175	2026-175R	P      D    	Starlink 38225	Starlink Group 17-52-16	2026 Aug  1	A11953	2026 Aug  1 0410:23	Earth	-	O	-	SPXS	US	SPXS	Starlink V2MO	-	     575 	 	    530 	?	     575 	 	   0.3 	?	  4.1 	 	   29.0 	?	Box + pan	2026 Aug  3	     264	 	     266	 	 97.29 	 	LLEO/S	-	-
S100195   	100195	2026-175	2026-175S	P      D    	Starlink 38218	Starlink Group 17-52-17	2026 Aug  1	A11953	2026 Aug  1 0410:23	Earth	-	O	-	SPXS	US	SPXS	Starlink V2MO	-	     575 	 	    530 	?	     575 	 	   0.3 	?	  4.1 	 	   29.0 	?	Box + pan	2026 Aug  3	     263	 	     266	 	 97.29 	 	LLEO/S	-	-
S100196   	100196	2026-175	2026-175T	P      D    	Starlink 38195	Starlink Group 17-52-18	2026 Aug  1	A11953	2026 Aug  1 0410:23	Earth	-	O	-	SPXS	US	SPXS	Starlink V2MO	-	     575 	 	    530 	?	     575 	 	   0.3 	?	  4.1 	 	   29.0 	?	Box + pan	2026 Aug  3	     262	 	     264	 	 97.29 	 	LLEO/S	-	-
S100197   	100197	2026-175	2026-175U	P      D    	Starlink 38224	Starlink Group 17-52-19	2026 Aug  1	A11953	2026 Aug  1 0410:23	Earth	-	O	-	SPXS	US	SPXS	Starlink V2MO	-	     575 	 	    530 	?	     575 	 	   0.3 	?	  4.1 	 	   29.0 	?	Box + pan	2026 Aug  3	     261	 	     263	 	 97.29 	 	LLEO/S	-	-
S100198   	100198	2026-175	2026-175V	P      D    	Starlink 38137	Starlink Group 17-52-20	2026 Aug  1	A11953	2026 Aug  1 0410:23	Earth	-	O	-	SPXS	US	SPXS	Starlink V2MO	-	     575 	 	    530 	?	     575 	 	   0.3 	?	  4.1 	 	   29.0 	?	Box + pan	2026 Aug  3	     259	 	     263	 	 97.29 	 	LLEO/S	-	-
S100199   	100199	2026-175	2026-175W	P      D    	Starlink 38148	Starlink Group 17-52-21	2026 Aug  1	A11953	2026 Aug  1 0410:23	Earth	-	O	-	SPXS	US	SPXS	Starlink V2MO	-	     575 	 	    530 	?	     575 	 	   0.3 	?	  4.1 	 	   29.0 	?	Box + pan	2026 Aug  3	     260	 	     262	 	 97.29 	 	LLEO/S	-	-
S100200   	100200	2026-175	2026-175X	P      D    	Starlink 38196	Starlink Group 17-52-22	2026 Aug  1	A11953	2026 Aug  1 0410:23	Earth	-	O	-	SPXS	US	SPXS	Starlink V2MO	-	     575 	 	    530 	?	     575 	 	   0.3 	?	  4.1 	 	   29.0 	?	Box + pan	2026 Aug  3	     260	 	     260	 	 97.29 	 	LLEO/S	-	-
S100201   	100201	2026-175	2026-175Y	P      D    	Starlink 38178	Starlink Group 17-52-23	2026 Aug  1	A11953	2026 Aug  1 0410:23	Earth	-	O	-	SPXS	US	SPXS	Starlink V2MO	-	     575 	 	    530 	?	     575 	 	   0.3 	?	  4.1 	 	   29.0 	?	Box + pan	2026 Aug  3	     260	 	     261	 	 97.29 	 	LLEO/S	-	-
S100202   	100202	2026-175	2026-175Z	P      D    	Starlink 38185	Starlink Group 17-52-24	2026 Aug  1	A11953	2026 Aug  1 0410:23	Earth	-	O	-	SPXS	US	SPXS	Starlink V2MO	-	     575 	 	    530 	?	     575 	 	   0.3 	?	  4.1 	 	   29.0 	?	Box + pan	2026 Aug  3	     259	 	     260	 	 97.29 	 	LLEO/S	-	-
S100203   	100203	2026-176	2026-176A	P      O    	WHDW 23-01	Xingwang Digui 23-01	2026 Aug  4	S100212	2026 Aug  4 0940?	Earth	-	O	-	ZXW	CN	CAST?	Xingwang C	-	     700 	?	    700 	?	     700 	?	   3.0 	?	  1.0 	?	   10.0 	?	Box + 2 Pan	2026 Aug  7	    1095	 	    1108	 	 49.99 	 	LEO/I	-	-
S100204   	100204	2026-176	2026-176B	P      O    	WHDW 23-02	Xingwang Digui 23-02	2026 Aug  4	S100212	2026 Aug  4 0940?	Earth	-	O	-	ZXW	CN	CAST?	Xingwang C	-	     700 	?	    700 	?	     700 	?	   3.0 	?	  1.0 	?	   10.0 	?	Box + 2 Pan	2026 Aug  7	    1095	 	    1108	 	 49.99 	 	LEO/I	-	-
S100205   	100205	2026-176	2026-176C	P      O    	WHDW 23-03	Xingwang Digui 23-03	2026 Aug  4	S100212	2026 Aug  4 0940?	Earth	-	O	-	ZXW	CN	CAST?	Xingwang C	-	     700 	?	    700 	?	     700 	?	   3.0 	?	  1.0 	?	   10.0 	?	Box + 2 Pan	2026 Aug  7	    1094	 	    1108	 	 49.99 	 	LEO/I	-	-
S100206   	100206	2026-176	2026-176D	P      O    	WHDW 23-04	Xingwang Digui 23-04	2026 Aug  4	S100212	2026 Aug  4 0940?	Earth	-	O	-	ZXW	CN	CAST?	Xingwang C	-	     700 	?	    700 	?	     700 	?	   3.0 	?	  1.0 	?	   10.0 	?	Box + 2 Pan	2026 Aug  7	    1095	 	    1106	 	 49.99 	 	LEO/I	-	-
S100207   	100207	2026-176	2026-176E	P      O    	WHDW 23-05	Xingwang Digui 23-05	2026 Aug  4	S100212	2026 Aug  4 0940?	Earth	-	O	-	ZXW	CN	CAST?	Xingwang C	-	     700 	?	    700 	?	     700 	?	   3.0 	?	  1.0 	?	   10.0 	?	Box + 2 Pan	2026 Aug  7	    1095	 	    1106	 	 49.99 	 	LEO/I	-	-
S100208   	100208	2026-176	2026-176F	P      O    	WHDW 23-06	Xingwang Digui 23-06	2026 Aug  4	S100212	2026 Aug  4 0940?	Earth	-	O	-	ZXW	CN	CAST?	Xingwang C	-	     700 	?	    700 	?	     700 	?	   3.0 	?	  1.0 	?	   10.0 	?	Box + 2 Pan	2026 Aug  7	    1093	 	    1107	 	 50.00 	 	LEO/I	-	-
S100209   	100209	2026-176	2026-176G	P      O    	WHDW 23-07	Xingwang Digui 23-07	2026 Aug  4	S100212	2026 Aug  4 0940?	Earth	-	O	-	ZXW	CN	CAST?	Xingwang C	-	     700 	?	    700 	?	     700 	?	   3.0 	?	  1.0 	?	   10.0 	?	Box + 2 Pan	2026 Aug  7	    1093	 	    1107	 	 50.00 	 	LEO/I	-	-
S100210   	100210	2026-176	2026-176H	P      O    	WHDW 23-08	Xingwang Digui 23-08	2026 Aug  4	S100212	2026 Aug  4 0940?	Earth	-	O	-	ZXW	CN	CAST?	Xingwang C	-	     700 	?	    700 	?	     700 	?	   3.0 	?	  1.0 	?	   10.0 	?	Box + 2 Pan	2026 Aug  7	    1093	 	    1105	 	 50.00 	 	LEO/I	-	-
S100211   	100211	2026-176	2026-176J	P      O    	WHDW 23-09	Xingwang Digui 23-09	2026 Aug  4	S100212	2026 Aug  4 0940?	Earth	-	O	-	ZXW	CN	CAST?	Xingwang C	-	     700 	?	    700 	?	     700 	?	   3.0 	?	  1.0 	?	   10.0 	?	Box + 2 Pan	2026 Aug  7	    1092	 	    1106	 	 50.00 	 	LEO/I	-	-
S100212   	100212	2026-176	2026-176K	R2          	CZ-8A Y10 Stage 2	CZ-8A Stage 2	2026 Aug  4	R86634	2026 Aug  4 0902?	Earth	-	O	-	CASC	CN	CALT	CZ-8A Stage 2	-	    8000 	?	   2800 	?	    2800 	?	  12.4 	 	  3.4 	 	   12.4 	 	Cyl	2026 Aug  7	     904	 	    1115	 	 50.00 	 	LEO/I	-	-
S100213   	100213	2026-177	2026-177A	P      A    	Starlink 38189	Starlink Group 17-53-01	2026 Aug  4	A11954	2026 Aug  4 1806:33	Earth	-	O	-	SPXS	US	SPXS	Starlink V2MO	-	     575 	 	    530 	?	     575 	 	   0.3 	?	  4.1 	 	   29.0 	?	Box + pan	2026 Aug  5	     255	 	     266	 	 97.28 	 	LLEO/S	-	-
S100214   	100214	2026-177	2026-177B	P      A    	Starlink 38172	Starlink Group 17-53-02	2026 Aug  4	A11954	2026 Aug  4 1806:33	Earth	-	O	-	SPXS	US	SPXS	Starlink V2MO	-	     575 	 	    530 	?	     575 	 	   0.3 	?	  4.1 	 	   29.0 	?	Box + pan	2026 Aug  4	     257	 	     270	 	 97.28 	 	LLEO/S	-	-
S100215   	100215	2026-177	2026-177C	P      A    	Starlink 38219	Starlink Group 17-53-03	2026 Aug  4	A11954	2026 Aug  4 1806:33	Earth	-	O	-	SPXS	US	SPXS	Starlink V2MO	-	     575 	 	    530 	?	     575 	 	   0.3 	?	  4.1 	 	   29.0 	?	Box + pan	2026 Aug  5	     255	 	     266	 	 97.28 	 	LLEO/S	-	-
S100216   	100216	2026-177	2026-177D	P      D    	Starlink 38133	Starlink Group 17-53-04	2026 Aug  4	A11954	2026 Aug  4 1806:33	Earth	-	O	-	SPXS	US	SPXS	Starlink V2MO	-	     575 	 	    530 	?	     575 	 	   0.3 	?	  4.1 	 	   29.0 	?	Box + pan	2026 Aug  4	     257	 	     270	 	 97.28 	 	LLEO/S	-	-
S100217   	100217	2026-177	2026-177E	P      A    	Starlink 38226	Starlink Group 17-53-05	2026 Aug  4	A11954	2026 Aug  4 1806:33	Earth	-	O	-	SPXS	US	SPXS	Starlink V2MO	-	     575 	 	    530 	?	     575 	 	   0.3 	?	  4.1 	 	   29.0 	?	Box + pan	2026 Aug  5	     255	 	     266	 	 97.28 	 	LLEO/S	-	-
S100218   	100218	2026-177	2026-177F	P      A    	Starlink 38199	Starlink Group 17-53-06	2026 Aug  4	A11954	2026 Aug  4 1806:33	Earth	-	O	-	SPXS	US	SPXS	Starlink V2MO	-	     575 	 	    530 	?	     575 	 	   0.3 	?	  4.1 	 	   29.0 	?	Box + pan	2026 Aug  5	     254	 	     266	 	 97.28 	 	LLEO/S	-	-
S100219   	100219	2026-177	2026-177G	P      A    	Starlink 38190	Starlink Group 17-53-07	2026 Aug  4	A11954	2026 Aug  4 1806:33	Earth	-	O	-	SPXS	US	SPXS	Starlink V2MO	-	     575 	 	    530 	?	     575 	 	   0.3 	?	  4.1 	 	   29.0 	?	Box + pan	2026 Aug  5	     254	 	     268	 	 97.28 	 	LLEO/S	-	-
S100220   	100220	2026-177	2026-177H	P      A    	Starlink 37721	Starlink Group 17-53-08	2026 Aug  4	A11954	2026 Aug  4 1806:33	Earth	-	O	-	SPXS	US	SPXS	Starlink V2MO	-	     575 	 	    530 	?	     575 	 	   0.3 	?	  4.1 	 	   29.0 	?	Box + pan	2026 Aug  5	     254	 	     268	 	 97.28 	 	LLEO/S	-	-
S100221   	100221	2026-177	2026-177J	P      D    	Starlink 38249	Starlink Group 17-53-09	2026 Aug  4	A11954	2026 Aug  4 1806:33	Earth	-	O	-	SPXS	US	SPXS	Starlink V2MO	-	     575 	 	    530 	?	     575 	 	   0.3 	?	  4.1 	 	   29.0 	?	Box + pan	2026 Aug  5	     254	 	     268	 	 97.28 	 	LLEO/S	-	-
S100222   	100222	2026-177	2026-177K	P      A    	Starlink 38254	Starlink Group 17-53-10	2026 Aug  4	A11954	2026 Aug  4 1806:33	Earth	-	O	-	SPXS	US	SPXS	Starlink V2MO	-	     575 	 	    530 	?	     575 	 	   0.3 	?	  4.1 	 	   29.0 	?	Box + pan	2026 Aug  5	     254	 	     268	 	 97.28 	 	LLEO/S	-	-
S100223   	100223	2026-177	2026-177L	P      A    	Starlink 38238	Starlink Group 17-53-11	2026 Aug  4	A11954	2026 Aug  4 1806:33	Earth	-	O	-	SPXS	US	SPXS	Starlink V2MO	-	     575 	 	    530 	?	     575 	 	   0.3 	?	  4.1 	 	   29.0 	?	Box + pan	2026 Aug  5	     253	 	     267	 	 97.28 	 	LLEO/S	-	-
S100224   	100224	2026-177	2026-177M	P      A    	Starlink 38164	Starlink Group 17-53-12	2026 Aug  4	A11954	2026 Aug  4 1806:33	Earth	-	O	-	SPXS	US	SPXS	Starlink V2MO	-	     575 	 	    530 	?	     575 	 	   0.3 	?	  4.1 	 	   29.0 	?	Box + pan	2026 Aug  5	     253	 	     267	 	 97.28 	 	LLEO/S	-	-
S100225   	100225	2026-177	2026-177N	P      A    	Starlink 38241	Starlink Group 17-53-13	2026 Aug  4	A11954	2026 Aug  4 1806:33	Earth	-	O	-	SPXS	US	SPXS	Starlink V2MO	-	     575 	 	    530 	?	     575 	 	   0.3 	?	  4.1 	 	   29.0 	?	Box + pan	2026 Aug  5	     253	 	     267	 	 97.28 	 	LLEO/S	-	-
S100226   	100226	2026-177	2026-177P	P      A    	Starlink 37717	Starlink Group 17-53-14	2026 Aug  4	A11954	2026 Aug  4 1806:33	Earth	-	O	-	SPXS	US	SPXS	Starlink V2MO	-	     575 	 	    530 	?	     575 	 	   0.3 	?	  4.1 	 	   29.0 	?	Box	2026 Aug  4	     256	 	     270	 	 97.28 	 	LLEO/S	-	-
S100227   	100227	2026-177	2026-177Q	P      A    	Starlink 38075	Starlink Group 17-53-15	2026 Aug  4	A11954	2026 Aug  4 1806:33	Earth	-	O	-	SPXS	US	SPXS	Starlink V2MO	-	     575 	 	    530 	?	     575 	 	   0.3 	?	  4.1 	 	   29.0 	?	Box + pan	2026 Aug  5	     253	 	     267	 	 97.28 	 	LLEO/S	-	-
S100228   	100228	2026-177	2026-177R	P      A    	Starlink 37375	Starlink Group 17-53-16	2026 Aug  4	A11954	2026 Aug  4 1806:33	Earth	-	O	-	SPXS	US	SPXS	Starlink V2MO	-	     575 	 	    530 	?	     575 	 	   0.3 	?	  4.1 	 	   29.0 	?	Box + pan	2026 Aug  5	     253	 	     267	 	 97.28 	 	LLEO/S	-	-
S100229   	100229	2026-177	2026-177S	P      A    	Starlink 38251	Starlink Group 17-53-17	2026 Aug  4	A11954	2026 Aug  4 1806:33	Earth	-	O	-	SPXS	US	SPXS	Starlink V2MO	-	     575 	 	    530 	?	     575 	 	   0.3 	?	  4.1 	 	   29.0 	?	Box + pan	2026 Aug  5	     253	 	     267	 	 97.28 	 	LLEO/S	-	-
S100230   	100230	2026-177	2026-177T	P      A    	Starlink 38053	Starlink Group 17-53-18	2026 Aug  4	A11954	2026 Aug  4 1806:33	Earth	-	O	-	SPXS	US	SPXS	Starlink V2MO	-	     575 	 	    530 	?	     575 	 	   0.3 	?	  4.1 	 	   29.0 	?	Box + pan	2026 Aug  4	     257	 	     270	 	 97.28 	 	LLEO/S	-	-
S100231   	100231	2026-177	2026-177U	P      A    	Starlink 37832	Starlink Group 17-53-19	2026 Aug  4	A11954	2026 Aug  4 1806:33	Earth	-	O	-	SPXS	US	SPXS	Starlink V2MO	-	     575 	 	    530 	?	     575 	 	   0.3 	?	  4.1 	 	   29.0 	?	Box + pan	2026 Aug  4	     256	 	     270	 	 97.28 	 	LLEO/S	-	-
S100232   	100232	2026-177	2026-177V	P      A    	Starlink 38200	Starlink Group 17-53-20	2026 Aug  4	A11954	2026 Aug  4 1806:33	Earth	-	O	-	SPXS	US	SPXS	Starlink V2MO	-	     575 	 	    530 	?	     575 	 	   0.3 	?	  4.1 	 	   29.0 	?	Box + pan	2026 Aug  5	     253	 	     267	 	 97.28 	 	LLEO/S	-	-
S100233   	100233	2026-177	2026-177W	P      A    	Starlink 38188	Starlink Group 17-53-21	2026 Aug  4	A11954	2026 Aug  4 1806:33	Earth	-	O	-	SPXS	US	SPXS	Starlink V2MO	-	     575 	 	    530 	?	     575 	 	   0.3 	?	  4.1 	 	   29.0 	?	Box + pan	2026 Aug  4	     256	 	     270	 	 97.28 	 	LLEO/S	-	-
S100234   	100234	2026-177	2026-177X	P      A    	Starlink 38177	Starlink Group 17-53-22	2026 Aug  4	A11954	2026 Aug  4 1806:33	Earth	-	O	-	SPXS	US	SPXS	Starlink V2MO	-	     575 	 	    530 	?	     575 	 	   0.3 	?	  4.1 	 	   29.0 	?	Box + pan	2026 Aug  4	     256	 	     270	 	 97.28 	 	LLEO/S	-	-
S100235   	100235	2026-177	2026-177Y	P      A    	Starlink 38126	Starlink Group 17-53-23	2026 Aug  4	A11954	2026 Aug  4 1806:33	Earth	-	O	-	SPXS	US	SPXS	Starlink V2MO	-	     575 	 	    530 	?	     575 	 	   0.3 	?	  4.1 	 	   29.0 	?	Box + pan	2026 Aug  5	     252	 	     267	 	 97.28 	 	LLEO/S	-	-
S100236   	100236	2026-177	2026-177Z	P      A    	Starlink 38139	Starlink Group 17-53-24	2026 Aug  4	A11954	2026 Aug  4 1806:33	Earth	-	O	-	SPXS	US	SPXS	Starlink V2MO	-	     575 	 	    530 	?	     575 	 	   0.3 	?	  4.1 	 	   29.0 	?	Box + pan	2026 Aug  4	     256	 	     270	 	 97.28 	 	LLEO/S	-	-
S100237   	NNA	2026-178	2026-178A	P       ?   	Lampung-1	Jinshan	2026 Aug  5	A11957	2026 Aug  5 0250?	Earth	-	O	-	STARV/DFXL	CN	HITSAT	-	-	     300 	?	    300 	?	     300 	?	   0.3 	?	  0.3 	 	    1.0 	?	Box + 2 pan?	2026 Aug  5	     779	 	     797	 	 98.56 	 	LEO/S	-	-
S100238   	NNA	2026-178	2026-178B	P       ?   	Samarqand-2028	Yinshan	2026 Aug  5	A11957	2026 Aug  5 0250?	Earth	-	O	-	STARV/DFXL	CN	HITSAT	-	-	     300 	?	    300 	?	     300 	?	   0.3 	?	  0.3 	 	    1.0 	?	Box + 2 pan?	2026 Aug  5	     782	 	     796	 	 98.55 	 	LEO/S	-	-
S100239   	100239	2026-178	2026-178C	Z  X        	Spurious entry?	-	2026 Aug  5	A11957	2026 Aug  5 0250?	Earth	2026 Aug  7	ERR	Z	CZHJ	CN	CZHJ	-	-	       0 	 	      0 	 	       0 	 	   0.0 	 	  0.0 	 	    0.0 	 	-	2026 Aug  7	     531	 	     548	 	 97.66 	 	LLEO/S	-	-
S100240   	100240	2026-179	2026-179A	P           	SpaceMobile-013	BlueBird SM013	2026 Aug  5	A11955	2026 Aug  5 0942:45	Earth	-	O	-	ASTS	US	ASTS	BB Block-2	EP	    6740 	 	   5830 	 	    6740 	 	   1.6 	 	  4.3 	 	   15.0 	 	Cyl + 2 pan + plate	2026 Aug  5	     523	 	     531	 	 52.99 	 	LLEO/I	-	-
S100241   	100241	2026-179	2026-179B	P           	SpaceMobile-012	BlueBird SM012	2026 Aug  5	A11955	2026 Aug  5 0948:05	Earth	-	O	-	ASTS	US	ASTS	BB Block-2	EP	    6740 	 	   5830 	 	    6740 	 	   1.6 	 	  4.3 	 	   15.0 	 	Cyl + 2 pan + plate	2026 Aug  5	     523	 	     528	 	 53.00 	 	LLEO/I	-	-
S100242   	100242	2026-179	2026-179C	P           	SpaceMobile-011	BlueBird SM011	2026 Aug  5	A11955	2026 Aug  5 0953:25	Earth	-	O	-	ASTS	US	ASTS	BB Block-2	EP	    6740 	 	   5830 	 	    6740 	 	   1.6 	 	  4.3 	 	   15.0 	 	Cyl + 2 pan + plate	2026 Aug  5	     523	 	     528	 	 53.00 	 	LLEO/I	-	-
S100243   	100243	2026-180	2026-180A	P           	Mikura-I	QPS-SAR-13	2026 Aug  6	S100244	2026 Aug  6 1008?	Earth	-	O	-	QPS	J	QPS	QSAT	-	     120 	?	    100 	?	     120 	?	   0.6 	 	  0.8 	 	    3.6 	 	Hex Cyl + 2 Pan + Dish	2026 Aug  7	     568	 	     581	 	 42.00 	 	LLEO/I	-	-
S100244   	100244	2026-180	2026-180B	R3          	Electron 92 Kick Stage	Electron Kick Stage	2026 Aug  6	S100245	2026 Aug  6 0927	Earth	-	O	-	RLABN	NZ	RLABN	Kick Stage	Curie	      42 	?	     42 	?	      42 	?	   0.4 	 	  1.2 	 	    1.2 	 	Trunc cone	2026 Aug  7	     569	 	     581	 	 42.00 	 	LLEO/I	-	-
S100245   	100245	2026-180	2026-180C	R2          	Electron 92 Stage 2	Electron Stage 2	2026 Aug  6	R86647	2026 Aug  6 0927	Earth	-	O	-	RLABN	NZ	RLABN	Electron St2	-	     250 	?	    250 	?	     250 	 	   2.4 	 	  1.2 	 	    2.4 	 	Cyl	2026 Aug  7	     235	 	     569	 	 42.01 	 	LLEO/I	-	-
S100246   	100246	2026-181	2026-181A	P      D    	Starlink 38191	Starlink Group 17-38-01	2026 Aug  8	A11956	2026 Aug  8 1736:33	Earth	-	O	-	SPXS	US	SPXS	Starlink V2MO	-	     575 	 	    530 	?	     575 	 	   0.3 	?	  4.1 	 	   29.0 	?	Box + pan	2026 Aug  9	     255	 	     268	 	 97.28 	 	LLEO/S	-	-
S100247   	100247	2026-181	2026-181B	P      D    	Starlink 38246	Starlink Group 17-38-02	2026 Aug  8	A11956	2026 Aug  8 1736:33	Earth	-	O	-	SPXS	US	SPXS	Starlink V2MO	-	     575 	 	    530 	?	     575 	 	   0.3 	?	  4.1 	 	   29.0 	?	Box + pan	2026 Aug  9	     255	 	     268	 	 97.28 	 	LLEO/S	-	-
S100248   	100248	2026-181	2026-181C	P      D    	Starlink 38221	Starlink Group 17-38-03	2026 Aug  8	A11956	2026 Aug  8 1736:33	Earth	-	O	-	SPXS	US	SPXS	Starlink V2MO	-	     575 	 	    530 	?	     575 	 	   0.3 	?	  4.1 	 	   29.0 	?	Box + pan	2026 Aug  9	     254	 	     268	 	 97.28 	 	LLEO/S	-	-
S100249   	100249	2026-181	2026-181D	P      D    	Starlink 38233	Starlink Group 17-38-04	2026 Aug  8	A11956	2026 Aug  8 1736:33	Earth	-	O	-	SPXS	US	SPXS	Starlink V2MO	-	     575 	 	    530 	?	     575 	 	   0.3 	?	  4.1 	 	   29.0 	?	Box + pan	2026 Aug  8	     258	 	     271	 	 97.28 	 	LLEO/S	-	-
S100250   	100250	2026-181	2026-181E	P      D    	Starlink 38163	Starlink Group 17-38-05	2026 Aug  8	A11956	2026 Aug  8 1736:33	Earth	-	O	-	SPXS	US	SPXS	Starlink V2MO	-	     575 	 	    530 	?	     575 	 	   0.3 	?	  4.1 	 	   29.0 	?	Box + pan	2026 Aug  9	     254	 	     268	 	 97.28 	 	LLEO/S	-	-
S100251   	100251	2026-181	2026-181F	P      D    	Starlink 38168	Starlink Group 17-38-06	2026 Aug  8	A11956	2026 Aug  8 1736:33	Earth	-	O	-	SPXS	US	SPXS	Starlink V2MO	-	     575 	 	    530 	?	     575 	 	   0.3 	?	  4.1 	 	   29.0 	?	Box + pan	2026 Aug  9	     254	 	     268	 	 97.28 	 	LLEO/S	-	-
S100252   	100252	2026-181	2026-181G	P      D    	Starlink 38259	Starlink Group 17-38-07	2026 Aug  8	A11956	2026 Aug  8 1736:33	Earth	-	O	-	SPXS	US	SPXS	Starlink V2MO	-	     575 	 	    530 	?	     575 	 	   0.3 	?	  4.1 	 	   29.0 	?	Box + pan	2026 Aug  9	     254	 	     268	 	 97.28 	 	LLEO/S	-	-
S100253   	100253	2026-181	2026-181H	P      D    	Starlink 38243	Starlink Group 17-38-08	2026 Aug  8	A11956	2026 Aug  8 1736:33	Earth	-	O	-	SPXS	US	SPXS	Starlink V2MO	-	     575 	 	    530 	?	     575 	 	   0.3 	?	  4.1 	 	   29.0 	?	Box + pan	2026 Aug  8	     257	 	     271	 	 97.28 	 	LLEO/S	-	-
S100254   	100254	2026-181	2026-181J	P      D    	Starlink 38252	Starlink Group 17-38-09	2026 Aug  8	A11956	2026 Aug  8 1736:33	Earth	-	O	-	SPXS	US	SPXS	Starlink V2MO	-	     575 	 	    530 	?	     575 	 	   0.3 	?	  4.1 	 	   29.0 	?	Box + pan	2026 Aug  9	     254	 	     268	 	 97.28 	 	LLEO/S	-	-
S100255   	100255	2026-181	2026-181K	P      D    	Starlink 38266	Starlink Group 17-38-10	2026 Aug  8	A11956	2026 Aug  8 1736:33	Earth	-	O	-	SPXS	US	SPXS	Starlink V2MO	-	     575 	 	    530 	?	     575 	 	   0.3 	?	  4.1 	 	   29.0 	?	Box + pan	2026 Aug  9	     253	 	     267	 	 97.28 	 	LLEO/S	-	-
S100256   	100256	2026-181	2026-181L	P      D    	Starlink 38144	Starlink Group 17-38-11	2026 Aug  8	A11956	2026 Aug  8 1736:33	Earth	-	O	-	SPXS	US	SPXS	Starlink V2MO	-	     575 	 	    530 	?	     575 	 	   0.3 	?	  4.1 	 	   29.0 	?	Box + pan	2026 Aug  9	     253	 	     267	 	 97.28 	 	LLEO/S	-	-
S100257   	100257	2026-181	2026-181M	P      D    	Starlink 38167	Starlink Group 17-38-12	2026 Aug  8	A11956	2026 Aug  8 1736:33	Earth	-	O	-	SPXS	US	SPXS	Starlink V2MO	-	     575 	 	    530 	?	     575 	 	   0.3 	?	  4.1 	 	   29.0 	?	Box + pan	2026 Aug  9	     254	 	     268	 	 97.28 	 	LLEO/S	-	-
S100258   	100258	2026-181	2026-181N	P      D    	Starlink 38154	Starlink Group 17-38-13	2026 Aug  8	A11956	2026 Aug  8 1736:33	Earth	-	O	-	SPXS	US	SPXS	Starlink V2MO	-	     575 	 	    530 	?	     575 	 	   0.3 	?	  4.1 	 	   29.0 	?	Box + pan	2026 Aug  9	     253	 	     267	 	 97.28 	 	LLEO/S	-	-
S100259   	100259	2026-181	2026-181P	P      D    	Starlink 38187	Starlink Group 17-38-14	2026 Aug  8	A11956	2026 Aug  8 1736:33	Earth	-	O	-	SPXS	US	SPXS	Starlink V2MO	-	     575 	 	    530 	?	     575 	 	   0.3 	?	  4.1 	 	   29.0 	?	Box	2026 Aug  9	     253	 	     267	 	 97.28 	 	LLEO/S	-	-
S100260   	100260	2026-181	2026-181Q	P      D    	Starlink 38232	Starlink Group 17-38-15	2026 Aug  8	A11956	2026 Aug  8 1736:33	Earth	-	O	-	SPXS	US	SPXS	Starlink V2MO	-	     575 	 	    530 	?	     575 	 	   0.3 	?	  4.1 	 	   29.0 	?	Box + pan	2026 Aug  9	     253	 	     267	 	 97.28 	 	LLEO/S	-	-
S100261   	100261	2026-181	2026-181R	P      D    	Starlink 37947	Starlink Group 17-38-16	2026 Aug  8	A11956	2026 Aug  8 1736:33	Earth	-	O	-	SPXS	US	SPXS	Starlink V2MO	-	     575 	 	    530 	?	     575 	 	   0.3 	?	  4.1 	 	   29.0 	?	Box + pan	2026 Aug  9	     253	 	     267	 	 97.28 	 	LLEO/S	-	-
S100262   	100262	2026-181	2026-181S	P      D    	Starlink 38279	Starlink Group 17-38-17	2026 Aug  8	A11956	2026 Aug  8 1736:33	Earth	-	O	-	SPXS	US	SPXS	Starlink V2MO	-	     575 	 	    530 	?	     575 	 	   0.3 	?	  4.1 	 	   29.0 	?	Box + pan	2026 Aug  9	     252	 	     267	 	 97.28 	 	LLEO/S	-	-
S100263   	100263	2026-181	2026-181T	P      D    	Starlink 38157	Starlink Group 17-38-18	2026 Aug  8	A11956	2026 Aug  8 1736:33	Earth	-	O	-	SPXS	US	SPXS	Starlink V2MO	-	     575 	 	    530 	?	     575 	 	   0.3 	?	  4.1 	 	   29.0 	?	Box + pan	2026 Aug  9	     252	 	     267	 	 97.28 	 	LLEO/S	-	-
S100264   	100264	2026-181	2026-181U	P      D    	Starlink 38263	Starlink Group 17-38-19	2026 Aug  8	A11956	2026 Aug  8 1736:33	Earth	-	O	-	SPXS	US	SPXS	Starlink V2MO	-	     575 	 	    530 	?	     575 	 	   0.3 	?	  4.1 	 	   29.0 	?	Box + pan	2026 Aug  9	     252	 	     266	 	 97.28 	 	LLEO/S	-	-
S100265   	100265	2026-181	2026-181V	P      D    	Starlink 38280	Starlink Group 17-38-20	2026 Aug  8	A11956	2026 Aug  8 1736:33	Earth	-	O	-	SPXS	US	SPXS	Starlink V2MO	-	     575 	 	    530 	?	     575 	 	   0.3 	?	  4.1 	 	   29.0 	?	Box + pan	2026 Aug  9	     252	 	     266	 	 97.28 	 	LLEO/S	-	-
S100266   	100266	2026-181	2026-181W	P      D    	Starlink 38242	Starlink Group 17-38-21	2026 Aug  8	A11956	2026 Aug  8 1736:33	Earth	-	O	-	SPXS	US	SPXS	Starlink V2MO	-	     575 	 	    530 	?	     575 	 	   0.3 	?	  4.1 	 	   29.0 	?	Box + pan	2026 Aug  9	     252	 	     266	 	 97.28 	 	LLEO/S	-	-
S100267   	100267	2026-181	2026-181X	P      D    	Starlink 38212	Starlink Group 17-38-22	2026 Aug  8	A11956	2026 Aug  8 1736:33	Earth	-	O	-	SPXS	US	SPXS	Starlink V2MO	-	     575 	 	    530 	?	     575 	 	   0.3 	?	  4.1 	 	   29.0 	?	Box + pan	2026 Aug  9	     251	 	     266	 	 97.28 	 	LLEO/S	-	-
S100268   	100268	2026-181	2026-181Y	P      D    	Starlink 38129	Starlink Group 17-38-23	2026 Aug  8	A11956	2026 Aug  8 1736:33	Earth	-	O	-	SPXS	US	SPXS	Starlink V2MO	-	     575 	 	    530 	?	     575 	 	   0.3 	?	  4.1 	 	   29.0 	?	Box + pan	2026 Aug  9	     251	 	     266	 	 97.28 	 	LLEO/S	-	-
S100269   	100269	2026-181	2026-181Z	P      D    	Starlink 38255	Starlink Group 17-38-24	2026 Aug  8	A11956	2026 Aug  8 1736:33	Earth	-	O	-	SPXS	US	SPXS	Starlink V2MO	-	     575 	 	    530 	?	     575 	 	   0.3 	?	  4.1 	 	   29.0 	?	Box + pan	2026 Aug  9	     251	 	     266	 	 97.28 	 	LLEO/S	-	-
S100270   	100270	2026-182	2026-182A	P   G       	Michibiki-7	QZS-7	2026 Aug 10	S100271	2026 Aug 10 1952:41	Earth	-	O	-	NUSS/JAXA	J	MELCO	DS-2000	LAPS-500?	    4900 	 	   2000 	?	    4900 	 	   6.2 	 	  2.9 	 	   25.3 	 	Box + 2 Pan	2026 Aug 18	   35069	 	   36017	 	  3.00 	 	GEO/ID	-	-
S100271   	100271	2026-182	2026-182B	R2          	H3 F9 Stage 2	H3 Stage 2	2026 Aug 10	R86655	2026 Aug 10 1936:24	Earth	-	O	-	MHI	J	MHITO	H-2A Stage 2	-	    2500 	 	   2500 	 	    2500 	 	  12.0 	 	  5.2 	 	   12.0 	 	Cyl	2026 Aug 17	     163	 	   35167	 	 22.72 	 	GTO	-	-
S100272   	100272	2026-183	2026-183A	P      D    	Starlink 37697	Starlink Group 10-19-01	2026 Aug 11	A11958	2026 Aug 11 1659:54	Earth	-	O	-	SPXS	US	SPXS	Starlink V2MO	-	     575 	 	    530 	?	     575 	 	   0.3 	?	  4.1 	 	   29.0 	?	Box + pan	2026 Aug 11	     242	 	     257	 	 53.16 	 	LLEO/I	-	-
S100273   	100273	2026-183	2026-183B	P      D    	Starlink 37705	Starlink Group 10-19-02	2026 Aug 11	A11958	2026 Aug 11 1659:54	Earth	-	O	-	SPXS	US	SPXS	Starlink V2MO	-	     575 	 	    530 	?	     575 	 	   0.3 	?	  4.1 	 	   29.0 	?	Box + pan	2026 Aug 11	     243	 	     257	 	 53.16 	 	LLEO/I	-	-
S100274   	100274	2026-183	2026-183C	P      A    	Starlink 37696	Starlink Group 10-19-03	2026 Aug 11	A11958	2026 Aug 11 1659:54	Earth	-	O	-	SPXS	US	SPXS	Starlink V2MO	-	     575 	 	    530 	?	     575 	 	   0.3 	?	  4.1 	 	   29.0 	?	Box + pan	2026 Aug 11	     241	 	     257	 	 53.16 	 	LLEO/I	-	-
S100275   	100275	2026-183	2026-183D	P      A    	Starlink 37750	Starlink Group 10-19-04	2026 Aug 11	A11958	2026 Aug 11 1659:54	Earth	-	O	-	SPXS	US	SPXS	Starlink V2MO	-	     575 	 	    530 	?	     575 	 	   0.3 	?	  4.1 	 	   29.0 	?	Box + pan	2026 Aug 11	     242	 	     256	 	 53.16 	 	LLEO/I	-	-
S100276   	100276	2026-183	2026-183E	P      D    	Starlink 37648	Starlink Group 10-19-05	2026 Aug 11	A11958	2026 Aug 11 1659:54	Earth	-	O	-	SPXS	US	SPXS	Starlink V2MO	-	     575 	 	    530 	?	     575 	 	   0.3 	?	  4.1 	 	   29.0 	?	Box + pan	2026 Aug 11	     242	 	     257	 	 53.16 	 	LLEO/I	-	-
S100277   	100277	2026-183	2026-183F	P      D    	Starlink 37550	Starlink Group 10-19-06	2026 Aug 11	A11958	2026 Aug 11 1659:54	Earth	-	O	-	SPXS	US	SPXS	Starlink V2MO	-	     575 	 	    530 	?	     575 	 	   0.3 	?	  4.1 	 	   29.0 	?	Box + pan	2026 Aug 11	     242	 	     257	 	 53.16 	 	LLEO/I	-	-
S100278   	100278	2026-183	2026-183G	P      D    	Starlink 37674	Starlink Group 10-19-07	2026 Aug 11	A11958	2026 Aug 11 1659:54	Earth	-	O	-	SPXS	US	SPXS	Starlink V2MO	-	     575 	 	    530 	?	     575 	 	   0.3 	?	  4.1 	 	   29.0 	?	Box + pan	2026 Aug 11	     241	 	     256	 	 53.16 	 	LLEO/I	-	-
S100279   	100279	2026-183	2026-183H	P      D    	Starlink 37699	Starlink Group 10-19-08	2026 Aug 11	A11958	2026 Aug 11 1659:54	Earth	-	O	-	SPXS	US	SPXS	Starlink V2MO	-	     575 	 	    530 	?	     575 	 	   0.3 	?	  4.1 	 	   29.0 	?	Box + pan	2026 Aug 11	     241	 	     256	 	 53.16 	 	LLEO/I	-	-
S100280   	100280	2026-183	2026-183J	P      D    	Starlink 37942	Starlink Group 10-19-09	2026 Aug 11	A11958	2026 Aug 11 1659:54	Earth	-	O	-	SPXS	US	SPXS	Starlink V2MO	-	     575 	 	    530 	?	     575 	 	   0.3 	?	  4.1 	 	   29.0 	?	Box + pan	2026 Aug 11	     241	 	     256	 	 53.16 	 	LLEO/I	-	-
S100281   	100281	2026-183	2026-183K	P      A    	Starlink 37973	Starlink Group 10-19-10	2026 Aug 11	A11958	2026 Aug 11 1659:54	Earth	-	O	-	SPXS	US	SPXS	Starlink V2MO	-	     575 	 	    530 	?	     575 	 	   0.3 	?	  4.1 	 	   29.0 	?	Box + pan	2026 Aug 11	     243	 	     256	 	 53.16 	 	LLEO/I	-	-
S100282   	100282	2026-183	2026-183L	P      D    	Starlink 37981	Starlink Group 10-19-11	2026 Aug 11	A11958	2026 Aug 11 1659:54	Earth	-	O	-	SPXS	US	SPXS	Starlink V2MO	-	     575 	 	    530 	?	     575 	 	   0.3 	?	  4.1 	 	   29.0 	?	Box + pan	2026 Aug 11	     242	 	     256	 	 53.16 	 	LLEO/I	-	-
S100283   	100283	2026-183	2026-183M	P      A    	Starlink 37980	Starlink Group 10-19-12	2026 Aug 11	A11958	2026 Aug 11 1659:54	Earth	-	O	-	SPXS	US	SPXS	Starlink V2MO	-	     575 	 	    530 	?	     575 	 	   0.3 	?	  4.1 	 	   29.0 	?	Box + pan	2026 Aug 11	     241	 	     256	 	 53.16 	 	LLEO/I	-	-
S100284   	100284	2026-183	2026-183N	P      D    	Starlink 37944	Starlink Group 10-19-13	2026 Aug 11	A11958	2026 Aug 11 1659:54	Earth	-	O	-	SPXS	US	SPXS	Starlink V2MO	-	     575 	 	    530 	?	     575 	 	   0.3 	?	  4.1 	 	   29.0 	?	Box + pan	2026 Aug 11	     242	 	     256	 	 53.16 	 	LLEO/I	-	-
S100285   	100285	2026-183	2026-183P	P      A    	Starlink 37982	Starlink Group 10-19-14	2026 Aug 11	A11958	2026 Aug 11 1659:54	Earth	-	O	-	SPXS	US	SPXS	Starlink V2MO	-	     575 	 	    530 	?	     575 	 	   0.3 	?	  4.1 	 	   29.0 	?	Box + pan	2026 Aug 11	     243	 	     256	 	 53.16 	 	LLEO/I	-	-
S100286   	100286	2026-183	2026-183Q	P      D    	Starlink 37793	Starlink Group 10-19-15	2026 Aug 11	A11958	2026 Aug 11 1659:54	Earth	-	O	-	SPXS	US	SPXS	Starlink V2MO	-	     575 	 	    530 	?	     575 	 	   0.3 	?	  4.1 	 	   29.0 	?	Box + pan	2026 Aug 11	     242	 	     256	 	 53.16 	 	LLEO/I	-	-
S100287   	100287	2026-183	2026-183R	P      A    	Starlink 37480	Starlink Group 10-19-16	2026 Aug 11	A11958	2026 Aug 11 1659:54	Earth	-	O	-	SPXS	US	SPXS	Starlink V2MO	-	     575 	 	    530 	?	     575 	 	   0.3 	?	  4.1 	 	   29.0 	?	Box + pan	2026 Aug 11	     241	 	     256	 	 53.16 	 	LLEO/I	-	-
S100288   	100288	2026-183	2026-183S	P      D    	Starlink 37809	Starlink Group 10-19-17	2026 Aug 11	A11958	2026 Aug 11 1659:54	Earth	-	O	-	SPXS	US	SPXS	Starlink V2MO	-	     575 	 	    530 	?	     575 	 	   0.3 	?	  4.1 	 	   29.0 	?	Box + pan	2026 Aug 11	     241	 	     256	 	 53.16 	 	LLEO/I	-	-
S100289   	100289	2026-183	2026-183T	P      A    	Starlink 37813	Starlink Group 10-19-18	2026 Aug 11	A11958	2026 Aug 11 1659:54	Earth	-	O	-	SPXS	US	SPXS	Starlink V2MO	-	     575 	 	    530 	?	     575 	 	   0.3 	?	  4.1 	 	   29.0 	?	Box + pan	2026 Aug 11	     243	 	     256	 	 53.16 	 	LLEO/I	-	-
S100290   	100290	2026-183	2026-183U	P      A    	Starlink 37805	Starlink Group 10-19-19	2026 Aug 11	A11958	2026 Aug 11 1659:54	Earth	-	O	-	SPXS	US	SPXS	Starlink V2MO	-	     575 	 	    530 	?	     575 	 	   0.3 	?	  4.1 	 	   29.0 	?	Box + pan	2026 Aug 11	     241	 	     256	 	 53.16 	 	LLEO/I	-	-
S100291   	100291	2026-183	2026-183V	P      D    	Starlink 37827	Starlink Group 10-19-20	2026 Aug 11	A11958	2026 Aug 11 1659:54	Earth	-	O	-	SPXS	US	SPXS	Starlink V2MO	-	     575 	 	    530 	?	     575 	 	   0.3 	?	  4.1 	 	   29.0 	?	Box + pan	2026 Aug 11	     243	 	     256	 	 53.16 	 	LLEO/I	-	-
S100292   	100292	2026-183	2026-183W	P      D    	Starlink 37810	Starlink Group 10-19-21	2026 Aug 11	A11958	2026 Aug 11 1659:54	Earth	-	O	-	SPXS	US	SPXS	Starlink V2MO	-	     575 	 	    530 	?	     575 	 	   0.3 	?	  4.1 	 	   29.0 	?	Box + pan	2026 Aug 11	     243	 	     256	 	 53.16 	 	LLEO/I	-	-
S100293   	100293	2026-183	2026-183X	P      A    	Starlink 37812	Starlink Group 10-19-22	2026 Aug 11	A11958	2026 Aug 11 1659:54	Earth	-	O	-	SPXS	US	SPXS	Starlink V2MO	-	     575 	 	    530 	?	     575 	 	   0.3 	?	  4.1 	 	   29.0 	?	Box + pan	2026 Aug 11	     242	 	     256	 	 53.16 	 	LLEO/I	-	-
S100294   	100294	2026-183	2026-183Y	P      D    	Starlink 37457	Starlink Group 10-19-23	2026 Aug 11	A11958	2026 Aug 11 1659:54	Earth	-	O	-	SPXS	US	SPXS	Starlink V2MO	-	     575 	 	    530 	?	     575 	 	   0.3 	?	  4.1 	 	   29.0 	?	Box + pan	2026 Aug 11	     241	 	     256	 	 53.16 	 	LLEO/I	-	-
S100295   	100295	2026-183	2026-183Z	P      A    	Starlink 37559	Starlink Group 10-19-24	2026 Aug 11	A11958	2026 Aug 11 1659:54	Earth	-	O	-	SPXS	US	SPXS	Starlink V2MO	-	     575 	 	    530 	?	     575 	 	   0.3 	?	  4.1 	 	   29.0 	?	Box + pan	2026 Aug 11	     241	 	     256	 	 53.16 	 	LLEO/I	-	-
S100296   	100296	2026-183	2026-183AA	P      A    	Starlink 37811	Starlink Group 10-19-25	2026 Aug 11	A11958	2026 Aug 11 1659:54	Earth	-	O	-	SPXS	US	SPXS	Starlink V2MO	-	     575 	 	    530 	?	     575 	 	   0.3 	?	  4.1 	 	   29.0 	?	Box + pan	2026 Aug 11	     241	 	     256	 	 53.16 	 	LLEO/I	-	-
S100297   	100297	2026-183	2026-183AB	P      A    	Starlink 37741	Starlink Group 10-19-26	2026 Aug 11	A11958	2026 Aug 11 1659:54	Earth	-	O	-	SPXS	US	SPXS	Starlink V2MO	-	     575 	 	    530 	?	     575 	 	   0.3 	?	  4.1 	 	   29.0 	?	Box + pan	2026 Aug 11	     242	 	     256	 	 53.16 	 	LLEO/I	-	-
S100298   	100298	2026-183	2026-183AC	P      D    	Starlink 37753	Starlink Group 10-19-27	2026 Aug 11	A11958	2026 Aug 11 1659:54	Earth	-	O	-	SPXS	US	SPXS	Starlink V2MO	-	     575 	 	    530 	?	     575 	 	   0.3 	?	  4.1 	 	   29.0 	?	Box + pan	2026 Aug 11	     242	 	     256	 	 53.16 	 	LLEO/I	-	-
S100299   	100299	2026-183	2026-183AD	P      A    	Starlink 37675	Starlink Group 10-19-28	2026 Aug 11	A11958	2026 Aug 11 1659:54	Earth	-	O	-	SPXS	US	SPXS	Starlink V2MO	-	     575 	 	    530 	?	     575 	 	   0.3 	?	  4.1 	 	   29.0 	?	Box + pan	2026 Aug 11	     243	 	     255	 	 53.16 	 	LLEO/I	-	-
S100300   	100300	2026-183	2026-183AE	P      A    	Starlink 37874	Starlink Group 10-19-29	2026 Aug 11	A11958	2026 Aug 11 1659:54	Earth	-	O	-	SPXS	US	SPXS	Starlink V2MO	-	     575 	 	    530 	?	     575 	 	   0.3 	?	  4.1 	 	   29.0 	?	Box + pan	2026 Aug 11	     242	 	     255	 	 53.16 	 	LLEO/I	-	-
S100301   	100301	2026-184	2026-184A	P      D    	Starlink 38267	Starlink Group 17-49-01	2026 Aug 12	A11959	2026 Aug 12 0548:23	Earth	-	O	-	SPXS	US	SPXS	Starlink V2MO	-	     575 	 	    530 	?	     575 	 	   0.3 	?	  4.1 	 	   29.0 	?	Box + pan	2026 Aug 12	     256	 	     269	 	 97.28 	 	LLEO/S	-	-
S100302   	100302	2026-184	2026-184B	P      A    	Starlink 38253	Starlink Group 17-49-02	2026 Aug 12	A11959	2026 Aug 12 0548:23	Earth	-	O	-	SPXS	US	SPXS	Starlink V2MO	-	     575 	 	    530 	?	     575 	 	   0.3 	?	  4.1 	 	   29.0 	?	Box + pan	2026 Aug 12	     256	 	     269	 	 97.28 	 	LLEO/S	-	-
S100303   	100303	2026-184	2026-184C	P      A    	Starlink 38247	Starlink Group 17-49-03	2026 Aug 12	A11959	2026 Aug 12 0548:23	Earth	-	O	-	SPXS	US	SPXS	Starlink V2MO	-	     575 	 	    530 	?	     575 	 	   0.3 	?	  4.1 	 	   29.0 	?	Box + pan	2026 Aug 12	     256	 	     269	 	 97.28 	 	LLEO/S	-	-
S100304   	100304	2026-184	2026-184D	P      A    	Starlink 38260	Starlink Group 17-49-04	2026 Aug 12	A11959	2026 Aug 12 0548:23	Earth	-	O	-	SPXS	US	SPXS	Starlink V2MO	-	     575 	 	    530 	?	     575 	 	   0.3 	?	  4.1 	 	   29.0 	?	Box + pan	2026 Aug 12	     256	 	     269	 	 97.28 	 	LLEO/S	-	-
S100305   	100305	2026-184	2026-184E	P      A    	Starlink 38215	Starlink Group 17-49-05	2026 Aug 12	A11959	2026 Aug 12 0548:23	Earth	-	O	-	SPXS	US	SPXS	Starlink V2MO	-	     575 	 	    530 	?	     575 	 	   0.3 	?	  4.1 	 	   29.0 	?	Box + pan	2026 Aug 12	     256	 	     269	 	 97.28 	 	LLEO/S	-	-
S100306   	100306	2026-184	2026-184F	P      A    	Starlink 38147	Starlink Group 17-49-06	2026 Aug 12	A11959	2026 Aug 12 0548:23	Earth	-	O	-	SPXS	US	SPXS	Starlink V2MO	-	     575 	 	    530 	?	     575 	 	   0.3 	?	  4.1 	 	   29.0 	?	Box + pan	2026 Aug 12	     256	 	     269	 	 97.28 	 	LLEO/S	-	-
S100307   	100307	2026-184	2026-184G	P      A    	Starlink 38116	Starlink Group 17-49-07	2026 Aug 12	A11959	2026 Aug 12 0548:23	Earth	-	O	-	SPXS	US	SPXS	Starlink V2MO	-	     575 	 	    530 	?	     575 	 	   0.3 	?	  4.1 	 	   29.0 	?	Box + pan	2026 Aug 12	     256	 	     269	 	 97.28 	 	LLEO/S	-	-
S100308   	100308	2026-184	2026-184H	P      A    	Starlink 38264	Starlink Group 17-49-08	2026 Aug 12	A11959	2026 Aug 12 0548:23	Earth	-	O	-	SPXS	US	SPXS	Starlink V2MO	-	     575 	 	    530 	?	     575 	 	   0.3 	?	  4.1 	 	   29.0 	?	Box + pan	2026 Aug 12	     256	 	     269	 	 97.28 	 	LLEO/S	-	-
S100309   	100309	2026-184	2026-184J	P      A    	Starlink 38261	Starlink Group 17-49-09	2026 Aug 12	A11959	2026 Aug 12 0548:23	Earth	-	O	-	SPXS	US	SPXS	Starlink V2MO	-	     575 	 	    530 	?	     575 	 	   0.3 	?	  4.1 	 	   29.0 	?	Box + pan	2026 Aug 12	     256	 	     269	 	 97.28 	 	LLEO/S	-	-
S100310   	100310	2026-184	2026-184K	P      A    	Starlink 37416	Starlink Group 17-49-10	2026 Aug 12	A11959	2026 Aug 12 0548:23	Earth	-	O	-	SPXS	US	SPXS	Starlink V2MO	-	     575 	 	    530 	?	     575 	 	   0.3 	?	  4.1 	 	   29.0 	?	Box + pan	2026 Aug 12	     255	 	     269	 	 97.28 	 	LLEO/S	-	-
S100311   	100311	2026-184	2026-184L	P      A    	Starlink 38283	Starlink Group 17-49-11	2026 Aug 12	A11959	2026 Aug 12 0548:23	Earth	-	O	-	SPXS	US	SPXS	Starlink V2MO	-	     575 	 	    530 	?	     575 	 	   0.3 	?	  4.1 	 	   29.0 	?	Box + pan	2026 Aug 12	     255	 	     269	 	 97.28 	 	LLEO/S	-	-
S100312   	100312	2026-184	2026-184M	P      A    	Starlink 38236	Starlink Group 17-49-12	2026 Aug 12	A11959	2026 Aug 12 0548:23	Earth	-	O	-	SPXS	US	SPXS	Starlink V2MO	-	     575 	 	    530 	?	     575 	 	   0.3 	?	  4.1 	 	   29.0 	?	Box + pan	2026 Aug 12	     255	 	     269	 	 97.28 	 	LLEO/S	-	-
S100313   	100313	2026-184	2026-184N	P      D    	Starlink 38289	Starlink Group 17-49-13	2026 Aug 12	A11959	2026 Aug 12 0548:23	Earth	-	O	-	SPXS	US	SPXS	Starlink V2MO	-	     575 	 	    530 	?	     575 	 	   0.3 	?	  4.1 	 	   29.0 	?	Box + pan	2026 Aug 12	     255	 	     269	 	 97.28 	 	LLEO/S	-	-
S100314   	100314	2026-184	2026-184P	P      A    	Starlink 38239	Starlink Group 17-49-14	2026 Aug 12	A11959	2026 Aug 12 0548:23	Earth	-	O	-	SPXS	US	SPXS	Starlink V2MO	-	     575 	 	    530 	?	     575 	 	   0.3 	?	  4.1 	 	   29.0 	?	Box	2026 Aug 12	     255	 	     269	 	 97.28 	 	LLEO/S	-	-
S100315   	100315	2026-184	2026-184Q	P      D    	Starlink 38288	Starlink Group 17-49-15	2026 Aug 12	A11959	2026 Aug 12 0548:23	Earth	-	O	-	SPXS	US	SPXS	Starlink V2MO	-	     575 	 	    530 	?	     575 	 	   0.3 	?	  4.1 	 	   29.0 	?	Box + pan	2026 Aug 12	     255	 	     269	 	 97.28 	 	LLEO/S	-	-
S100316   	100316	2026-184	2026-184R	P      A    	Starlink 38299	Starlink Group 17-49-16	2026 Aug 12	A11959	2026 Aug 12 0548:23	Earth	-	O	-	SPXS	US	SPXS	Starlink V2MO	-	     575 	 	    530 	?	     575 	 	   0.3 	?	  4.1 	 	   29.0 	?	Box + pan	2026 Aug 12	     255	 	     268	 	 97.28 	 	LLEO/S	-	-
S100317   	100317	2026-184	2026-184S	P      A    	Starlink 38143	Starlink Group 17-49-17	2026 Aug 12	A11959	2026 Aug 12 0548:23	Earth	-	O	-	SPXS	US	SPXS	Starlink V2MO	-	     575 	 	    530 	?	     575 	 	   0.3 	?	  4.1 	 	   29.0 	?	Box + pan	2026 Aug 12	     255	 	     268	 	 97.28 	 	LLEO/S	-	-
S100318   	100318	2026-184	2026-184T	P      A    	Starlink 38256	Starlink Group 17-49-18	2026 Aug 12	A11959	2026 Aug 12 0548:23	Earth	-	O	-	SPXS	US	SPXS	Starlink V2MO	-	     575 	 	    530 	?	     575 	 	   0.3 	?	  4.1 	 	   29.0 	?	Box + pan	2026 Aug 12	     254	 	     268	 	 97.28 	 	LLEO/S	-	-
S100319   	100319	2026-184	2026-184U	P      A    	Starlink 38294	Starlink Group 17-49-19	2026 Aug 12	A11959	2026 Aug 12 0548:23	Earth	-	O	-	SPXS	US	SPXS	Starlink V2MO	-	     575 	 	    530 	?	     575 	 	   0.3 	?	  4.1 	 	   29.0 	?	Box + pan	2026 Aug 12	     254	 	     268	 	 97.28 	 	LLEO/S	-	-
S100320   	100320	2026-184	2026-184V	P      A    	Starlink 38245	Starlink Group 17-49-20	2026 Aug 12	A11959	2026 Aug 12 0548:23	Earth	-	O	-	SPXS	US	SPXS	Starlink V2MO	-	     575 	 	    530 	?	     575 	 	   0.3 	?	  4.1 	 	   29.0 	?	Box + pan	2026 Aug 12	     254	 	     268	 	 97.28 	 	LLEO/S	-	-
S100321   	100321	2026-184	2026-184W	P      A    	Starlink 38268	Starlink Group 17-49-21	2026 Aug 12	A11959	2026 Aug 12 0548:23	Earth	-	O	-	SPXS	US	SPXS	Starlink V2MO	-	     575 	 	    530 	?	     575 	 	   0.3 	?	  4.1 	 	   29.0 	?	Box + pan	2026 Aug 12	     254	 	     268	 	 97.28 	 	LLEO/S	-	-
S100322   	100322	2026-184	2026-184X	P      D    	Starlink 38281	Starlink Group 17-49-22	2026 Aug 12	A11959	2026 Aug 12 0548:23	Earth	-	O	-	SPXS	US	SPXS	Starlink V2MO	-	     575 	 	    530 	?	     575 	 	   0.3 	?	  4.1 	 	   29.0 	?	Box + pan	2026 Aug 12	     254	 	     268	 	 97.28 	 	LLEO/S	-	-
S100323   	100323	2026-184	2026-184Y	P      D    	Starlink 38295	Starlink Group 17-49-23	2026 Aug 12	A11959	2026 Aug 12 0548:23	Earth	-	O	-	SPXS	US	SPXS	Starlink V2MO	-	     575 	 	    530 	?	     575 	 	   0.3 	?	  4.1 	 	   29.0 	?	Box + pan	2026 Aug 12	     254	 	     268	 	 97.28 	 	LLEO/S	-	-
S100324   	100324	2026-184	2026-184Z	P      A    	Starlink 38298	Starlink Group 17-49-24	2026 Aug 12	A11959	2026 Aug 12 0548:23	Earth	-	O	-	SPXS	US	SPXS	Starlink V2MO	-	     575 	 	    530 	?	     575 	 	   0.3 	?	  4.1 	 	   29.0 	?	Box + pan	2026 Aug 12	     254	 	     268	 	 97.28 	 	LLEO/S	-	-
S100325   	100325	2026-185	2026-185A	P      D    	Globalstar M098	Globalstar 2R-1	2026 Aug 16	A11961	2026 Aug 16 0208:30	Earth	-	O	-	GLOBL	US	MDARM/RLABLB	C-3	AOCS	     850 	 	    800 	?	     850 	 	   1.4 	 	  3.7 	 	   14.0 	 	Trap Cyl + 2 Pan	2026 Aug 16	     674	 	     688	 	 51.99 	 	LEO/I	-	-
S100326   	100326	2026-185	2026-185B	P      D    	Globalstar M102	Globalstar 2R-2	2026 Aug 16	A11961	2026 Aug 16 0208:30	Earth	-	O	-	GLOBL	US	MDARM/RLABLB	C-3	AOCS	     850 	 	    800 	?	     850 	 	   1.4 	 	  3.7 	 	   14.0 	 	Trap Cyl + 2 Pan	2026 Aug 16	     678	 	     686	 	 52.00 	 	LEO/I	-	-
S100327   	100327	2026-185	2026-185C	P      D    	Globalstar M099	Globalstar 2R-3	2026 Aug 16	A11961	2026 Aug 16 0210?	Earth	-	O	-	GLOBL	US	MDARM/RLABLB	C-3	AOCS	     850 	 	    800 	?	     850 	 	   1.4 	 	  3.7 	 	   14.0 	 	Trap Cyl + 2 Pan	2026 Aug 16	     678	 	     686	 	 52.00 	 	LEO/I	-	-
S100328   	100328	2026-185	2026-185D	P      D    	Globalstar M104	Globalstar 2R-4	2026 Aug 16	A11961	2026 Aug 16 0210?	Earth	-	O	-	GLOBL	US	MDARM/RLABLB	C-3	AOCS	     850 	 	    800 	?	     850 	 	   1.4 	 	  3.7 	 	   14.0 	 	Trap Cyl + 2 Pan	2026 Aug 16	     674	 	     687	 	 51.99 	 	LEO/I	-	-
S100329   	100329	2026-185	2026-185E	P      D    	Globalstar M106	Globalstar 2R-5	2026 Aug 16	A11961	2026 Aug 16 0212?	Earth	-	O	-	GLOBL	US	MDARM/RLABLB	C-3	AOCS	     850 	 	    800 	?	     850 	 	   1.4 	 	  3.7 	 	   14.0 	 	Trap Cyl + 2 Pan	2026 Aug 16	     674	 	     687	 	 51.99 	 	LEO/I	-	-
S100330   	100330	2026-185	2026-185F	P      D    	Globalstar M101	Globalstar 2R-6	2026 Aug 16	A11961	2026 Aug 16 0212?	Earth	-	O	-	GLOBL	US	MDARM/RLABLB	C-3	AOCS	     850 	 	    800 	?	     850 	 	   1.4 	 	  3.7 	 	   14.0 	 	Trap Cyl + 2 Pan	2026 Aug 16	     674	 	     687	 	 51.99 	 	LEO/I	-	-
S100331   	100331	2026-185	2026-185G	P      D    	Globalstar M105	Globalstar 2R-7	2026 Aug 16	A11961	2026 Aug 16 0214:56	Earth	-	O	-	GLOBL	US	MDARM/RLABLB	C-3	AOCS	     850 	 	    800 	?	     850 	 	   1.4 	 	  3.7 	 	   14.0 	 	Trap Cyl + 2 Pan	2026 Aug 16	     674	 	     686	 	 51.99 	 	LEO/I	-	-
S100332   	100332	2026-185	2026-185H	P      D    	Globalstar M100	Globalstar 2R-8	2026 Aug 16	A11961	2026 Aug 16 0214:56	Earth	-	O	-	GLOBL	US	MDARM/RLABLB	C-3	AOCS	     850 	 	    800 	?	     850 	 	   1.4 	 	  3.7 	 	   14.0 	 	Trap Cyl + 2 Pan	2026 Aug 16	     674	 	     686	 	 52.00 	 	LEO/I	-	-
S100333   	100333	2026-186	2026-186A	P      D    	USA 620	SBST R-1 PL1	2026 Aug 16	A11962	2026 Aug 16 0250?	Earth	-	O	-	SFSSC	US	SPXS	Starshield	-	     575 	 	    530 	?	     575 	 	   0.3 	?	  4.1 	 	   29.0 	?	Box + pan	2026 Aug 28	     348	 	     353	 	 70.03 	 	LLEO/I	-	-
S100334   	100334	2026-186	2026-186B	P      D    	USA 621	SBST R-1 PL2	2026 Aug 16	A11962	2026 Aug 16 0250?	Earth	-	O	-	SFSSC	US	SPXS	Starshield	-	     575 	 	    530 	?	     575 	 	   0.3 	?	  4.1 	 	   29.0 	?	Box + pan	2026 Aug 28	     348	 	     353	 	 70.03 	 	LLEO/I	-	-
S100335   	100335	2026-186	2026-186C	P      D    	USA 622	SBST R-1 PL3	2026 Aug 16	A11962	2026 Aug 16 0250?	Earth	-	O	-	SFSSC	US	SPXS	Starshield	-	     575 	 	    530 	?	     575 	 	   0.3 	?	  4.1 	 	   29.0 	?	Box + pan	2026 Aug 28	     312	 	     343	 	 70.03 	 	LLEO/I	-	-
S100336   	100336	2026-186	2026-186D	P      D    	USA 623	SBST R-1 PL4	2026 Aug 16	A11962	2026 Aug 16 0250?	Earth	-	O	-	SFSSC	US	SPXS	Starshield	-	     575 	 	    530 	?	     575 	 	   0.3 	?	  4.1 	 	   29.0 	?	Box + pan	2026 Aug 28	     349	 	     353	 	 70.03 	 	LLEO/I	-	-
S100337   	100337	2026-186	2026-186E	P      D    	USA 624	SBST R-1 PL5	2026 Aug 16	A11962	2026 Aug 16 0250?	Earth	-	O	-	SFSSC	US	SPXS	Starshield	-	     575 	 	    530 	?	     575 	 	   0.3 	?	  4.1 	 	   29.0 	?	Box + pan	2026 Aug 28	     310	 	     360	 	 70.02 	 	LLEO/I	-	-
S100338   	100338	2026-186	2026-186F	P      D    	USA 625	SBST R-1 PL6	2026 Aug 16	A11962	2026 Aug 16 0250?	Earth	-	O	-	SFSSC	US	SPXS	Starshield	-	     575 	 	    530 	?	     575 	 	   0.3 	?	  4.1 	 	   29.0 	?	Box + pan	2026 Aug 28	     348	 	     353	 	 70.02 	 	LLEO/I	-	-
S100339   	100339	2026-186	2026-186G	P      D    	USA 626	SBST R-1 PL7	2026 Aug 16	A11962	2026 Aug 16 0250?	Earth	-	O	-	SFSSC	US	SPXS	Starshield	-	     575 	 	    530 	?	     575 	 	   0.3 	?	  4.1 	 	   29.0 	?	Box + pan	2026 Aug 28	     342	 	     366	 	 69.99 	 	LLEO/I	-	-
S100340   	100340	2026-186	2026-186H	P      D    	USA 627	SBST R-1 PL8	2026 Aug 16	A11962	2026 Aug 16 0250?	Earth	-	O	-	SFSSC	US	SPXS	Starshield	-	     575 	 	    530 	?	     575 	 	   0.3 	?	  4.1 	 	   29.0 	?	Box + pan	2026 Aug 28	     319	 	     365	 	 70.04 	 	LLEO/I	-	-
S100341   	100341	2026-186	2026-186J	P      D    	USA 628	SBST R-1 PL9	2026 Aug 16	A11962	2026 Aug 16 0250?	Earth	-	O	-	SFSSC	US	SPXS	Starshield	-	     575 	 	    530 	?	     575 	 	   0.3 	?	  4.1 	 	   29.0 	?	Box + pan	2026 Aug 28	     319	 	     367	 	 70.03 	 	LLEO/I	-	-
S100342   	100342	2026-186	2026-186K	P      D    	USA 629	SBST R-1 PL10	2026 Aug 16	A11962	2026 Aug 16 0250?	Earth	-	O	-	SFSSC	US	SPXS	Starshield	-	     575 	 	    530 	?	     575 	 	   0.3 	?	  4.1 	 	   29.0 	?	Box + pan	2026 Aug 28	     348	 	     353	 	 70.03 	 	LLEO/I	-	-
S100343   	100343	2026-186	2026-186L	P      D    	USA 630	SBST R-1 PL11	2026 Aug 16	A11962	2026 Aug 16 0250?	Earth	-	O	-	SFSSC	US	SPXS	Starshield	-	     575 	 	    530 	?	     575 	 	   0.3 	?	  4.1 	 	   29.0 	?	Box + pan	2026 Aug 28	     348	 	     353	 	 70.02 	 	LLEO/I	-	-
S100344   	100344	2026-186	2026-186M	P      D    	USA 631	SBST R-1 PL12	2026 Aug 16	A11962	2026 Aug 16 0250?	Earth	-	O	-	SFSSC	US	SPXS	Starshield	-	     575 	 	    530 	?	     575 	 	   0.3 	?	  4.1 	 	   29.0 	?	Box + pan	2026 Aug 28	     330	 	     361	 	 70.03 	 	LLEO/I	-	-
S100345   	100345	2026-186	2026-186N	P      D    	USA 632	SBST R-1 PL13	2026 Aug 16	A11962	2026 Aug 16 0250?	Earth	-	O	-	SFSSC	US	SPXS	Starshield	-	     575 	 	    530 	?	     575 	 	   0.3 	?	  4.1 	 	   29.0 	?	Box + pan	2026 Aug 28	     315	 	     374	 	 70.02 	 	LLEO/I	-	-
S100346   	100346	2026-186	2026-186P	P      D    	USA 633	SBST R-1 PL14	2026 Aug 16	A11962	2026 Aug 16 0250?	Earth	-	O	-	SFSSC	US	SPXS	Starshield	-	     575 	 	    530 	?	     575 	 	   0.3 	?	  4.1 	 	   29.0 	?	Box + pan	2026 Aug 28	     347	 	     355	 	 70.02 	 	LLEO/I	-	-
S100347   	100347	2026-186	2026-186Q	P      D    	USA 634	SBST R-1 PL15	2026 Aug 16	A11962	2026 Aug 16 0250?	Earth	-	O	-	SFSSC	US	SPXS	Starshield	-	     575 	 	    530 	?	     575 	 	   0.3 	?	  4.1 	 	   29.0 	?	Box + pan	2026 Aug 28	     308	 	     361	 	 70.03 	 	LLEO/I	-	-
S100348   	100348	2026-186	2026-186R	P      D    	USA 635	SBST R-1 PL16	2026 Aug 16	A11962	2026 Aug 16 0250?	Earth	-	O	-	SFSSC	US	SPXS	Starshield	-	     575 	 	    530 	?	     575 	 	   0.3 	?	  4.1 	 	   29.0 	?	Box + pan	2026 Aug 28	     348	 	     353	 	 70.03 	 	LLEO/I	-	-
S100349   	100349	2026-186	2026-186S	P      D    	USA 636	SBST R-1 PL17	2026 Aug 16	A11962	2026 Aug 16 0250?	Earth	-	O	-	SFSSC	US	SPXS	Starshield	-	     575 	 	    530 	?	     575 	 	   0.3 	?	  4.1 	 	   29.0 	?	Box + pan	2026 Aug 28	     348	 	     353	 	 70.02 	 	LLEO/I	-	-
S100350   	100350	2026-186	2026-186T	P      D    	USA 637	SBST R-1 PL18	2026 Aug 16	A11962	2026 Aug 16 0250?	Earth	-	O	-	SFSSC	US	SPXS	Starshield	-	     575 	 	    530 	?	     575 	 	   0.3 	?	  4.1 	 	   29.0 	?	Box + pan	2026 Aug 28	     337	 	     348	 	 70.01 	 	LLEO/I	-	-
S100351   	100351	2026-186	2026-186U	P      D    	USA 638	SBST R-1 PL19	2026 Aug 16	A11962	2026 Aug 16 0250?	Earth	-	O	-	SFSSC	US	SPXS	Starshield	-	     575 	 	    530 	?	     575 	 	   0.3 	?	  4.1 	 	   29.0 	?	Box + pan	2026 Aug 28	     348	 	     353	 	 70.03 	 	LLEO/I	-	-
S100352   	100352	2026-186	2026-186V	P      D    	USA 639	SBST R-1 PL20	2026 Aug 16	A11962	2026 Aug 16 0250?	Earth	-	O	-	SFSSC	US	SPXS	Starshield	-	     575 	 	    530 	?	     575 	 	   0.3 	?	  4.1 	 	   29.0 	?	Box + pan	2026 Aug 28	     348	 	     353	 	 70.03 	 	LLEO/I	-	-
S100353   	100353	2026-186	2026-186W	P      D    	USA 640	SBST R-1 PL21	2026 Aug 16	A11962	2026 Aug 16 0250?	Earth	-	O	-	SFSSC	US	SPXS	Starshield	-	     575 	 	    530 	?	     575 	 	   0.3 	?	  4.1 	 	   29.0 	?	Box + pan	2026 Aug 28	     348	 	     353	 	 70.03 	 	LLEO/I	-	-
S100354   	100354	2026-186	2026-186X	P      D    	USA 641	SBST R-1 PL22	2026 Aug 16	A11962	2026 Aug 16 0250?	Earth	-	O	-	SFSSC	US	SPXS	Starshield	-	     575 	 	    530 	?	     575 	 	   0.3 	?	  4.1 	 	   29.0 	?	Box + pan	2026 Aug 28	     348	 	     353	 	 70.03 	 	LLEO/I	-	-
S100355   	100355	2026-186	2026-186Y	P      D    	USA 642	SBST R-1 PL23	2026 Aug 16	A11962	2026 Aug 16 0250?	Earth	-	O	-	SFSSC	US	SPXS	Starshield	-	     575 	 	    530 	?	     575 	 	   0.3 	?	  4.1 	 	   29.0 	?	Box + pan	2026 Aug 28	     348	 	     353	 	 70.03 	 	LLEO/I	-	-
S100356   	100356	2026-187	2026-187A	P      A    	WHDW 24-01	Xingwang Digui 24-01	2026 Aug 16	S100365	2026 Aug 16 0436?	Earth	-	O	-	ZXW	CN	CAST	Xingwang C	-	     800 	?	    800 	?	     800 	?	   3.0 	?	  1.0 	?	   10.0 	?	Box + 2 Pan	2026 Aug 19	     914	 	     927	 	 50.00 	 	LEO/I	-	-
S100357   	100357	2026-187	2026-187B	P      A    	WHDW 24-02	Xingwang Digui 24-02	2026 Aug 16	S100365	2026 Aug 16 0436?	Earth	-	O	-	ZXW	CN	CAST	Xingwang C	-	     800 	?	    800 	?	     800 	?	   3.0 	?	  1.0 	?	   10.0 	?	Box + 2 Pan	2026 Aug 18	     912	 	     929	 	 50.00 	 	LEO/I	-	-
S100358   	100358	2026-187	2026-187C	P      A    	WHDW 24-03	Xingwang Digui 24-03	2026 Aug 16	S100365	2026 Aug 16 0436?	Earth	-	O	-	ZXW	CN	CAST	Xingwang C	-	     800 	?	    800 	?	     800 	?	   3.0 	?	  1.0 	?	   10.0 	?	Box + 2 Pan	2026 Aug 20	     913	 	     930	 	 50.00 	 	LEO/I	-	-
S100359   	100359	2026-187	2026-187D	P      A    	WHDW 24-04	Xingwang Digui 24-04	2026 Aug 16	S100365	2026 Aug 16 0436?	Earth	-	O	-	ZXW	CN	CAST	Xingwang C	-	     800 	?	    800 	?	     800 	?	   3.0 	?	  1.0 	?	   10.0 	?	Box + 2 Pan	2026 Aug 18	     913	 	     929	 	 50.00 	 	LEO/I	-	-
S100360   	100360	2026-187	2026-187E	P      A    	WHDW 24-05	Xingwang Digui 24-05	2026 Aug 16	S100365	2026 Aug 16 0436?	Earth	-	O	-	ZXW	CN	CAST	Xingwang C	-	     800 	?	    800 	?	     800 	?	   3.0 	?	  1.0 	?	   10.0 	?	Box + 2 Pan	2026 Aug 17	     912	 	     927	 	 50.00 	 	LEO/I	-	-
S100361   	100361	2026-187	2026-187F	P      A    	WHDW 24-06	Xingwang Digui 24-06	2026 Aug 16	S100365	2026 Aug 16 0436?	Earth	-	O	-	ZXW	CN	CAST	Xingwang C	-	     800 	?	    800 	?	     800 	?	   3.0 	?	  1.0 	?	   10.0 	?	Box + 2 Pan	2026 Aug 16	     912	 	     927	 	 50.00 	 	LEO/I	-	-
S100362   	100362	2026-187	2026-187G	P      A    	WHDW 24-07	Xingwang Digui 24-07	2026 Aug 16	S100365	2026 Aug 16 0436?	Earth	-	O	-	ZXW	CN	CAST	Xingwang C	-	     800 	?	    800 	?	     800 	?	   3.0 	?	  1.0 	?	   10.0 	?	Box + 2 Pan	2026 Aug 18	     912	 	     926	 	 50.00 	 	LEO/I	-	-
S100363   	100363	2026-187	2026-187H	P      A    	WHDW 24-08	Xingwang Digui 24-08	2026 Aug 16	S100365	2026 Aug 16 0436?	Earth	-	O	-	ZXW	CN	CAST	Xingwang C	-	     800 	?	    800 	?	     800 	?	   3.0 	?	  1.0 	?	   10.0 	?	Box + 2 Pan	2026 Aug 17	     912	 	     926	 	 50.00 	 	LEO/I	-	-
S100364   	100364	2026-187	2026-187J	P      A    	WHDW 24-09	Xingwang Digui 24-09	2026 Aug 16	S100365	2026 Aug 16 0436?	Earth	-	O	-	ZXW	CN	CAST	Xingwang C	-	     800 	?	    800 	?	     800 	?	   3.0 	?	  1.0 	?	   10.0 	?	Box + 2 Pan	2026 Aug 21	     914	 	     926	 	 50.00 	 	LEO/I	-	-
S100365   	100365	2026-187	2026-187K	R2          	CZ-12 Y8 Stage 2	CZ-12 Stage 2	2026 Aug 16	R86670	2026 Aug 16 0418?	Earth	-	O	-	CNSA	CN	SAST	CZ-12 Stage 2	YF-115	    6000 	?	   6000 	?	    6000 	?	  10.0 	?	  3.8 	 	   10.0 	?	Cyl	2026 Aug 18	     792	 	     909	 	 49.99 	 	LEO/I	-	-
S100366   	100366	2026-188	2026-188A	P           	SEO	SEO	2026 Aug 17	S100367	2026 Aug 17 0314?	Earth	-	O	-	UAESA/UAEU	UAE	CAST?	CAST-2000?	-	     500 	?	    500 	?	     500 	?	   2.0 	?	  1.0 	 	    4.0 	?	Box + 2 Pan	2026 Aug 17	     486	 	     504	 	 97.51 	 	LLEO/S	-	-
S100367   	100367	2026-188	2026-188B	R2          	CZ-2C Y68 Stage 2	CZ-2C Stage 2	2026 Aug 17	R86673	2026 Aug 17 0311	Earth	-	O	-	CASC	CN	CALT	CZ-2 Stage 2	-	    3800 	?	   3800 	?	    3800 	?	   8.4 	 	  3.3 	 	    8.4 	 	Cyl	2026 Aug 17	     486	 	     504	 	 97.51 	 	LLEO/S	-	-
S100368   	100368	2026-188	2026-188C	C  F        	CZ-2C sep motor cover?	-	2026 Aug 17	S100367	2026 Aug 17 0314?	Earth	-	O	-	CNSA	CN	-	-	-	       1 	 	      1 	 	       1 	 	   0.2 	 	  0.2 	 	    0.2 	 	Cone	2026 Aug 17	     471	 	     500	 	 97.53 	 	LLEO/S	-	-
S100369   	100369	2026-188	2026-188D	C  F        	CZ-2C sep motor cover?	-	2026 Aug 17	S100367	2026 Aug 17 0314?	Earth	-	O	-	CNSA	CN	-	-	-	       1 	 	      1 	 	       1 	 	   0.2 	 	  0.2 	 	    0.2 	 	Cone	2026 Aug 17	     447	 	     501	 	 97.50 	 	LLEO/S	-	-
S100370   	100370	2026-189	2026-189A	P           	Honghu-3	Honghu-3	2026 Aug 18	A11964	2026 Aug 18 2345:54	Earth	-	O	-	HONGQ	CN	HONGQX	HQ	-	     500 	?	    500 	?	     500 	?	   1.5 	?	  3.0 	?	   10.0 	?	Box + 2 pan	2026 Aug 19	     403	 	     524	 	 55.01 	 	LLEO/I	-	-
S100371   	100371	2026-190	2026-190A	P      D    	Starlink 38156	Starlink Group 17-50-01	2026 Aug 19	A11963	2026 Aug 19 0502:36	Earth	-	O	-	SPXS	US	SPXS	Starlink V2MO	-	     575 	 	    530 	?	     575 	 	   0.3 	?	  4.1 	 	   29.0 	?	Box + pan	2026 Aug 20	     251	 	     265	 	 97.28 	 	LLEO/S	-	-
S100372   	100372	2026-190	2026-190B	P      D    	Starlink 38305	Starlink Group 17-50-02	2026 Aug 19	A11963	2026 Aug 19 0502:36	Earth	-	O	-	SPXS	US	SPXS	Starlink V2MO	-	     575 	 	    530 	?	     575 	 	   0.3 	?	  4.1 	 	   29.0 	?	Box + pan	2026 Aug 20	     252	 	     265	 	 97.28 	 	LLEO/S	-	-
S100373   	100373	2026-190	2026-190C	P      D    	Starlink 38237	Starlink Group 17-50-03	2026 Aug 19	A11963	2026 Aug 19 0502:36	Earth	-	O	-	SPXS	US	SPXS	Starlink V2MO	-	     575 	 	    530 	?	     575 	 	   0.3 	?	  4.1 	 	   29.0 	?	Box + pan	2026 Aug 20	     252	 	     265	 	 97.28 	 	LLEO/S	-	-
S100374   	100374	2026-190	2026-190D	P      D    	Starlink 38304	Starlink Group 17-50-04	2026 Aug 19	A11963	2026 Aug 19 0502:36	Earth	-	O	-	SPXS	US	SPXS	Starlink V2MO	-	     575 	 	    530 	?	     575 	 	   0.3 	?	  4.1 	 	   29.0 	?	Box + pan	2026 Aug 20	     252	 	     265	 	 97.28 	 	LLEO/S	-	-
S100375   	100375	2026-190	2026-190E	P      D    	Starlink 38265	Starlink Group 17-50-05	2026 Aug 19	A11963	2026 Aug 19 0502:36	Earth	-	O	-	SPXS	US	SPXS	Starlink V2MO	-	     575 	 	    530 	?	     575 	 	   0.3 	?	  4.1 	 	   29.0 	?	Box + pan	2026 Aug 20	     253	 	     265	 	 97.28 	 	LLEO/S	-	-
S100376   	100376	2026-190	2026-190F	P      D    	Starlink 38296	Starlink Group 17-50-06	2026 Aug 19	A11963	2026 Aug 19 0502:36	Earth	-	O	-	SPXS	US	SPXS	Starlink V2MO	-	     575 	 	    530 	?	     575 	 	   0.3 	?	  4.1 	 	   29.0 	?	Box + pan	2026 Aug 20	     253	 	     265	 	 97.28 	 	LLEO/S	-	-
S100377   	100377	2026-190	2026-190G	P      D    	Starlink 38307	Starlink Group 17-50-07	2026 Aug 19	A11963	2026 Aug 19 0502:36	Earth	-	O	-	SPXS	US	SPXS	Starlink V2MO	-	     575 	 	    530 	?	     575 	 	   0.3 	?	  4.1 	 	   29.0 	?	Box + pan	2026 Aug 20	     254	 	     265	 	 97.28 	 	LLEO/S	-	-
S100378   	100378	2026-190	2026-190H	P      D    	Starlink 38302	Starlink Group 17-50-08	2026 Aug 19	A11963	2026 Aug 19 0502:36	Earth	-	O	-	SPXS	US	SPXS	Starlink V2MO	-	     575 	 	    530 	?	     575 	 	   0.3 	?	  4.1 	 	   29.0 	?	Box + pan	2026 Aug 20	     254	 	     265	 	 97.28 	 	LLEO/S	-	-
S100379   	100379	2026-190	2026-190J	P      D    	Starlink 38284	Starlink Group 17-50-09	2026 Aug 19	A11963	2026 Aug 19 0502:36	Earth	-	O	-	SPXS	US	SPXS	Starlink V2MO	-	     575 	 	    530 	?	     575 	 	   0.3 	?	  4.1 	 	   29.0 	?	Box + pan	2026 Aug 20	     254	 	     265	 	 97.28 	 	LLEO/S	-	-
S100380   	100380	2026-190	2026-190K	P      D    	Starlink 38274	Starlink Group 17-50-10	2026 Aug 19	A11963	2026 Aug 19 0502:36	Earth	-	O	-	SPXS	US	SPXS	Starlink V2MO	-	     575 	 	    530 	?	     575 	 	   0.3 	?	  4.1 	 	   29.0 	?	Box + pan	2026 Aug 20	     254	 	     266	 	 97.28 	 	LLEO/S	-	-
S100381   	100381	2026-190	2026-190L	P      D    	Starlink 38309	Starlink Group 17-50-11	2026 Aug 19	A11963	2026 Aug 19 0502:36	Earth	-	O	-	SPXS	US	SPXS	Starlink V2MO	-	     575 	 	    530 	?	     575 	 	   0.3 	?	  4.1 	 	   29.0 	?	Box + pan	2026 Aug 20	     255	 	     266	 	 97.28 	 	LLEO/S	-	-
S100382   	100382	2026-190	2026-190M	P      D    	Starlink 38171	Starlink Group 17-50-12	2026 Aug 19	A11963	2026 Aug 19 0502:36	Earth	-	O	-	SPXS	US	SPXS	Starlink V2MO	-	     575 	 	    530 	?	     575 	 	   0.3 	?	  4.1 	 	   29.0 	?	Box + pan	2026 Aug 20	     255	 	     266	 	 97.28 	 	LLEO/S	-	-
S100383   	100383	2026-190	2026-190N	P      D    	Starlink 38209	Starlink Group 17-50-13	2026 Aug 19	A11963	2026 Aug 19 0502:36	Earth	-	O	-	SPXS	US	SPXS	Starlink V2MO	-	     575 	 	    530 	?	     575 	 	   0.3 	?	  4.1 	 	   29.0 	?	Box + pan	2026 Aug 20	     255	 	     266	 	 97.28 	 	LLEO/S	-	-
S100384   	100384	2026-190	2026-190P	P      D    	Starlink 38138	Starlink Group 17-50-14	2026 Aug 19	A11963	2026 Aug 19 0502:36	Earth	-	O	-	SPXS	US	SPXS	Starlink V2MO	-	     575 	 	    530 	?	     575 	 	   0.3 	?	  4.1 	 	   29.0 	?	Box	2026 Aug 20	     255	 	     266	 	 97.28 	 	LLEO/S	-	-
S100385   	100385	2026-190	2026-190Q	P      D    	Starlink 38083	Starlink Group 17-50-15	2026 Aug 19	A11963	2026 Aug 19 0502:36	Earth	-	O	-	SPXS	US	SPXS	Starlink V2MO	-	     575 	 	    530 	?	     575 	 	   0.3 	?	  4.1 	 	   29.0 	?	Box + pan	2026 Aug 20	     256	 	     266	 	 97.28 	 	LLEO/S	-	-
S100386   	100386	2026-190	2026-190R	P      D    	Starlink 38308	Starlink Group 17-50-16	2026 Aug 19	A11963	2026 Aug 19 0502:36	Earth	-	O	-	SPXS	US	SPXS	Starlink V2MO	-	     575 	 	    530 	?	     575 	 	   0.3 	?	  4.1 	 	   29.0 	?	Box + pan	2026 Aug 20	     256	 	     266	 	 97.28 	 	LLEO/S	-	-
S100387   	100387	2026-190	2026-190S	P      D    	Starlink 38293	Starlink Group 17-50-17	2026 Aug 19	A11963	2026 Aug 19 0502:36	Earth	-	O	-	SPXS	US	SPXS	Starlink V2MO	-	     575 	 	    530 	?	     575 	 	   0.3 	?	  4.1 	 	   29.0 	?	Box + pan	2026 Aug 20	     256	 	     266	 	 97.28 	 	LLEO/S	-	-
S100388   	100388	2026-190	2026-190T	P      D    	Starlink 38314	Starlink Group 17-50-18	2026 Aug 19	A11963	2026 Aug 19 0502:36	Earth	-	O	-	SPXS	US	SPXS	Starlink V2MO	-	     575 	 	    530 	?	     575 	 	   0.3 	?	  4.1 	 	   29.0 	?	Box + pan	2026 Aug 20	     257	 	     266	 	 97.28 	 	LLEO/S	-	-
S100389   	100389	2026-190	2026-190U	P      D    	Starlink 36776	Starlink Group 17-50-19	2026 Aug 19	A11963	2026 Aug 19 0502:36	Earth	-	O	-	SPXS	US	SPXS	Starlink V2MO	-	     575 	 	    530 	?	     575 	 	   0.3 	?	  4.1 	 	   29.0 	?	Box + pan	2026 Aug 20	     257	 	     266	 	 97.28 	 	LLEO/S	-	-
S100390   	100390	2026-190	2026-190V	P      D    	Starlink 38276	Starlink Group 17-50-20	2026 Aug 19	A11963	2026 Aug 19 0502:36	Earth	-	O	-	SPXS	US	SPXS	Starlink V2MO	-	     575 	 	    530 	?	     575 	 	   0.3 	?	  4.1 	 	   29.0 	?	Box + pan	2026 Aug 20	     258	 	     266	 	 97.28 	 	LLEO/S	-	-
S100391   	100391	2026-190	2026-190W	P      D    	Starlink 38262	Starlink Group 17-50-21	2026 Aug 19	A11963	2026 Aug 19 0502:36	Earth	-	O	-	SPXS	US	SPXS	Starlink V2MO	-	     575 	 	    530 	?	     575 	 	   0.3 	?	  4.1 	 	   29.0 	?	Box + pan	2026 Aug 20	     258	 	     266	 	 97.28 	 	LLEO/S	-	-
S100392   	100392	2026-190	2026-190X	P      D    	Starlink 38269	Starlink Group 17-50-22	2026 Aug 19	A11963	2026 Aug 19 0502:36	Earth	-	O	-	SPXS	US	SPXS	Starlink V2MO	-	     575 	 	    530 	?	     575 	 	   0.3 	?	  4.1 	 	   29.0 	?	Box + pan	2026 Aug 20	     259	 	     267	 	 97.28 	 	LLEO/S	-	-
S100393   	100393	2026-190	2026-190Y	P      A    	Starlink 38291	Starlink Group 17-50-23	2026 Aug 19	A11963	2026 Aug 19 0502:36	Earth	-	O	-	SPXS	US	SPXS	Starlink V2MO	-	     575 	 	    530 	?	     575 	 	   0.3 	?	  4.1 	 	   29.0 	?	Box + pan	2026 Aug 20	     260	 	     267	 	 97.28 	 	LLEO/S	-	-
S100394   	100394	2026-190	2026-190Z	P      D    	Starlink 38282	Starlink Group 17-50-24	2026 Aug 19	A11963	2026 Aug 19 0502:36	Earth	-	O	-	SPXS	US	SPXS	Starlink V2MO	-	     575 	 	    530 	?	     575 	 	   0.3 	?	  4.1 	 	   29.0 	?	Box + pan	2026 Aug 20	     260	 	     267	 	 97.28 	 	LLEO/S	-	-
S100395   	100395	1998-037	1998-037C	D  IG       	I805 collision debris	-	1998 Jun 18	S25371	2026 Jul 29 1950?	Earth	-	O	-	INTEL	I-INT	LMEW	-	-	       0 	 	      0 	 	       0 	 	   0.0 	 	  0.0 	 	    0.0 	 	-	2026 Aug 19	   35772	 	   36148	 	  8.08 	 	GEO/ID	-	-
S100396   	100396	1998-037	1998-037D	D  IG       	I805 collision debris	-	1998 Jun 18	S25371	2026 Jul 29 1950?	Earth	-	O	-	INTEL	I-INT	LMEW	-	-	       0 	 	      0 	 	       0 	 	   0.0 	 	  0.0 	 	    0.0 	 	-	2026 Aug 20	   36057	 	   36289	 	  8.09 	 	GEO/ID	-	-
S100397   	100397	1998-037	1998-037E	D  IG       	I805 collision debris	-	1998 Jun 18	S25371	2026 Jul 29 1950?	Earth	-	O	-	INTEL	I-INT	LMEW	-	-	       0 	 	      0 	 	       0 	 	   0.0 	 	  0.0 	 	    0.0 	 	-	2026 Aug 20	   36071	 	   36187	 	  7.89 	 	GEO/ID	-	-
S100398   	100398	1998-037	1998-037F	D  IG       	I805 collision debris	-	1998 Jun 18	S25371	2026 Jul 29 1950?	Earth	-	O	-	INTEL	I-INT	LMEW	-	-	       0 	 	      0 	 	       0 	 	   0.0 	 	  0.0 	 	    0.0 	 	-	2026 Aug 24	   36019	 	   36145	 	  8.06 	 	GEO/ID	-	-
S100399   	100399	2025-276	2025-276EE	P           	FGN-TUG-S01	FGN-TUG-S01	2025 Nov 28	A11695	2025 Nov 28 2005:43	Earth	-	O	-	FERG	TR	FERG	FGN-100	-	     102 	 	    102 	 	     102 	 	   1.0 	 	  0.4 	?	    1.0 	?	Box	2026 Jan  8	     500	 	     729	 	 97.64 	 	LEO/S	-	-
S100400   	100400	2025-276	2025-276EF	P           	FRG-10D1	FRG-10D1	2025 Nov 28	S100399	2025 Dec  6 0845	Earth	-	O	-	FERG	TR	FERG	Cubesat 6U	-	      10 	 	     10 	?	      10 	?	   0.3 	 	  0.2 	 	    0.3 	 	Box	2026 Jan  8	     495	 	     708	 	 97.59 	 	LEO/S	-	-
S100401   	100401	2026-191	2026-191A	P           	Susanoo-II	QPS-SAR-18	2026 Aug 20	S100403	2026 Aug 20 1400?	Earth	-	O	-	QPS	J	QPS	QSAT	-	     120 	?	    100 	?	     120 	?	   0.6 	 	  0.8 	 	    3.6 	 	Hex Cyl + 2 Pan + Dish	2026 Aug 21	     569	 	     582	 	 42.01 	 	LLEO/I	-	-
S100402   	100402	2026-191	2026-191B	R2          	Electron 93 Stage 2	Electron Stage 2	2026 Aug 20	R86692	2026 Aug 20 1309	Earth	-	O	-	RLABN	NZ	RLABN	Electron St2	-	     250 	?	    250 	?	     250 	 	   2.4 	 	  1.2 	 	    2.4 	 	Cyl	2026 Aug 21	     259	 	     587	 	 42.01 	 	LLEO/I	-	-
S100403   	100403	2026-191	2026-191C	R3          	Electron 93 Kick Stage	Electron Kick Stage	2026 Aug 20	S100402	2026 Aug 20 1309	Earth	-	O	-	RLABN	NZ	RLABN	Kick Stage	Curie	      42 	?	     42 	?	      42 	?	   0.4 	 	  1.2 	 	    1.2 	 	Trunc cone	2026 Aug 21	     266	 	     583	 	 42.01 	 	LLEO/I	-	-
S100404   	100404	2026-192	2026-192A	P      A    	Starlink 37821	Starlink Group 10-39-01	2026 Aug 21	A11965	2026 Aug 21 1615:52	Earth	-	O	-	SPXS	US	SPXS	Starlink V2MO	-	     575 	 	    530 	?	     575 	 	   0.3 	?	  4.1 	 	   29.0 	?	Box + pan	2026 Aug 22	     235	 	     251	 	 53.16 	 	LLEO/I	-	-
S100405   	100405	2026-192	2026-192B	P      D    	Starlink 37829	Starlink Group 10-39-02	2026 Aug 21	A11965	2026 Aug 21 1615:52	Earth	-	O	-	SPXS	US	SPXS	Starlink V2MO	-	     575 	 	    530 	?	     575 	 	   0.3 	?	  4.1 	 	   29.0 	?	Box + pan	2026 Aug 22	     235	 	     251	 	 53.16 	 	LLEO/I	-	-
S100406   	100406	2026-192	2026-192C	P      A    	Starlink 38016	Starlink Group 10-39-03	2026 Aug 21	A11965	2026 Aug 21 1615:52	Earth	-	O	-	SPXS	US	SPXS	Starlink V2MO	-	     575 	 	    530 	?	     575 	 	   0.3 	?	  4.1 	 	   29.0 	?	Box + pan	2026 Aug 22	     235	 	     251	 	 53.16 	 	LLEO/I	-	-
S100407   	100407	2026-192	2026-192D	P      D    	Starlink 37983	Starlink Group 10-39-04	2026 Aug 21	A11965	2026 Aug 21 1615:52	Earth	-	O	-	SPXS	US	SPXS	Starlink V2MO	-	     575 	 	    530 	?	     575 	 	   0.3 	?	  4.1 	 	   29.0 	?	Box + pan	2026 Aug 22	     235	 	     251	 	 53.16 	 	LLEO/I	-	-
S100408   	100408	2026-192	2026-192E	P      D    	Starlink 38026	Starlink Group 10-39-05	2026 Aug 21	A11965	2026 Aug 21 1615:52	Earth	-	O	-	SPXS	US	SPXS	Starlink V2MO	-	     575 	 	    530 	?	     575 	 	   0.3 	?	  4.1 	 	   29.0 	?	Box + pan	2026 Aug 22	     235	 	     251	 	 53.16 	 	LLEO/I	-	-
S100409   	100409	2026-192	2026-192F	P      D    	Starlink 38022	Starlink Group 10-39-06	2026 Aug 21	A11965	2026 Aug 21 1615:52	Earth	-	O	-	SPXS	US	SPXS	Starlink V2MO	-	     575 	 	    530 	?	     575 	 	   0.3 	?	  4.1 	 	   29.0 	?	Box + pan	2026 Aug 22	     235	 	     251	 	 53.16 	 	LLEO/I	-	-
S100410   	100410	2026-192	2026-192G	P      D    	Starlink 37996	Starlink Group 10-39-07	2026 Aug 21	A11965	2026 Aug 21 1615:52	Earth	-	O	-	SPXS	US	SPXS	Starlink V2MO	-	     575 	 	    530 	?	     575 	 	   0.3 	?	  4.1 	 	   29.0 	?	Box + pan	2026 Aug 22	     235	 	     251	 	 53.16 	 	LLEO/I	-	-
S100411   	100411	2026-192	2026-192H	P      A    	Starlink 37397	Starlink Group 10-39-08	2026 Aug 21	A11965	2026 Aug 21 1615:52	Earth	-	O	-	SPXS	US	SPXS	Starlink V2MO	-	     575 	 	    530 	?	     575 	 	   0.3 	?	  4.1 	 	   29.0 	?	Box + pan	2026 Aug 22	     235	 	     251	 	 53.16 	 	LLEO/I	-	-
S100412   	100412	2026-192	2026-192J	P      D    	Starlink 38011	Starlink Group 10-39-09	2026 Aug 21	A11965	2026 Aug 21 1615:52	Earth	-	O	-	SPXS	US	SPXS	Starlink V2MO	-	     575 	 	    530 	?	     575 	 	   0.3 	?	  4.1 	 	   29.0 	?	Box + pan	2026 Aug 22	     236	 	     251	 	 53.16 	 	LLEO/I	-	-
S100413   	100413	2026-192	2026-192K	P      A    	Starlink 38012	Starlink Group 10-39-10	2026 Aug 21	A11965	2026 Aug 21 1615:52	Earth	-	O	-	SPXS	US	SPXS	Starlink V2MO	-	     575 	 	    530 	?	     575 	 	   0.3 	?	  4.1 	 	   29.0 	?	Box + pan	2026 Aug 22	     236	 	     251	 	 53.16 	 	LLEO/I	-	-
S100414   	100414	2026-192	2026-192L	P      D    	Starlink 37764	Starlink Group 10-39-11	2026 Aug 21	A11965	2026 Aug 21 1615:52	Earth	-	O	-	SPXS	US	SPXS	Starlink V2MO	-	     575 	 	    530 	?	     575 	 	   0.3 	?	  4.1 	 	   29.0 	?	Box + pan	2026 Aug 22	     236	 	     252	 	 53.16 	 	LLEO/I	-	-
S100415   	100415	2026-192	2026-192M	P      D    	Starlink 37762	Starlink Group 10-39-12	2026 Aug 21	A11965	2026 Aug 21 1615:52	Earth	-	O	-	SPXS	US	SPXS	Starlink V2MO	-	     575 	 	    530 	?	     575 	 	   0.3 	?	  4.1 	 	   29.0 	?	Box + pan	2026 Aug 22	     236	 	     251	 	 53.16 	 	LLEO/I	-	-
S100416   	100416	2026-192	2026-192N	P      D    	Starlink 37748	Starlink Group 10-39-13	2026 Aug 21	A11965	2026 Aug 21 1615:52	Earth	-	O	-	SPXS	US	SPXS	Starlink V2MO	-	     575 	 	    530 	?	     575 	 	   0.3 	?	  4.1 	 	   29.0 	?	Box + pan	2026 Aug 22	     236	 	     251	 	 53.16 	 	LLEO/I	-	-
S100417   	100417	2026-192	2026-192P	P      D    	Starlink 37774	Starlink Group 10-39-14	2026 Aug 21	A11965	2026 Aug 21 1615:52	Earth	-	O	-	SPXS	US	SPXS	Starlink V2MO	-	     575 	 	    530 	?	     575 	 	   0.3 	?	  4.1 	 	   29.0 	?	Box + pan	2026 Aug 22	     236	 	     252	 	 53.16 	 	LLEO/I	-	-
S100418   	100418	2026-192	2026-192Q	P      D    	Starlink 37703	Starlink Group 10-39-15	2026 Aug 21	A11965	2026 Aug 21 1615:52	Earth	-	O	-	SPXS	US	SPXS	Starlink V2MO	-	     575 	 	    530 	?	     575 	 	   0.3 	?	  4.1 	 	   29.0 	?	Box + pan	2026 Aug 22	     236	 	     252	 	 53.16 	 	LLEO/I	-	-
S100419   	100419	2026-192	2026-192R	P      D    	Starlink 37626	Starlink Group 10-39-16	2026 Aug 21	A11965	2026 Aug 21 1615:52	Earth	-	O	-	SPXS	US	SPXS	Starlink V2MO	-	     575 	 	    530 	?	     575 	 	   0.3 	?	  4.1 	 	   29.0 	?	Box + pan	2026 Aug 22	     236	 	     252	 	 53.16 	 	LLEO/I	-	-
S100420   	100420	2026-192	2026-192S	P      A    	Starlink 37692	Starlink Group 10-39-17	2026 Aug 21	A11965	2026 Aug 21 1615:52	Earth	-	O	-	SPXS	US	SPXS	Starlink V2MO	-	     575 	 	    530 	?	     575 	 	   0.3 	?	  4.1 	 	   29.0 	?	Box + pan	2026 Aug 22	     236	 	     252	 	 53.16 	 	LLEO/I	-	-
S100421   	100421	2026-192	2026-192T	P      A    	Starlink 38018	Starlink Group 10-39-18	2026 Aug 21	A11965	2026 Aug 21 1615:52	Earth	-	O	-	SPXS	US	SPXS	Starlink V2MO	-	     575 	 	    530 	?	     575 	 	   0.3 	?	  4.1 	 	   29.0 	?	Box + pan	2026 Aug 22	     236	 	     252	 	 53.16 	 	LLEO/I	-	-
S100422   	100422	2026-192	2026-192U	P      A    	Starlink 37625	Starlink Group 10-39-19	2026 Aug 21	A11965	2026 Aug 21 1615:52	Earth	-	O	-	SPXS	US	SPXS	Starlink V2MO	-	     575 	 	    530 	?	     575 	 	   0.3 	?	  4.1 	 	   29.0 	?	Box + pan	2026 Aug 22	     236	 	     252	 	 53.16 	 	LLEO/I	-	-
S100423   	100423	2026-192	2026-192V	P      D    	Starlink 37698	Starlink Group 10-39-20	2026 Aug 21	A11965	2026 Aug 21 1615:52	Earth	-	O	-	SPXS	US	SPXS	Starlink V2MO	-	     575 	 	    530 	?	     575 	 	   0.3 	?	  4.1 	 	   29.0 	?	Box + pan	2026 Aug 22	     236	 	     252	 	 53.16 	 	LLEO/I	-	-
S100424   	100424	2026-192	2026-192W	P      A    	Starlink 37702	Starlink Group 10-39-21	2026 Aug 21	A11965	2026 Aug 21 1615:52	Earth	-	O	-	SPXS	US	SPXS	Starlink V2MO	-	     575 	 	    530 	?	     575 	 	   0.3 	?	  4.1 	 	   29.0 	?	Box + pan	2026 Aug 22	     237	 	     252	 	 53.16 	 	LLEO/I	-	-
S100425   	100425	2026-192	2026-192X	P      D    	Starlink 37681	Starlink Group 10-39-22	2026 Aug 21	A11965	2026 Aug 21 1615:52	Earth	-	O	-	SPXS	US	SPXS	Starlink V2MO	-	     575 	 	    530 	?	     575 	 	   0.3 	?	  4.1 	 	   29.0 	?	Box + pan	2026 Aug 22	     236	 	     252	 	 53.16 	 	LLEO/I	-	-
S100426   	100426	2026-192	2026-192Y	P      A    	Starlink 37684	Starlink Group 10-39-23	2026 Aug 21	A11965	2026 Aug 21 1615:52	Earth	-	O	-	SPXS	US	SPXS	Starlink V2MO	-	     575 	 	    530 	?	     575 	 	   0.3 	?	  4.1 	 	   29.0 	?	Box + pan	2026 Aug 22	     237	 	     252	 	 53.16 	 	LLEO/I	-	-
S100427   	100427	2026-192	2026-192Z	P      A    	Starlink 38025	Starlink Group 10-39-24	2026 Aug 21	A11965	2026 Aug 21 1615:52	Earth	-	O	-	SPXS	US	SPXS	Starlink V2MO	-	     575 	 	    530 	?	     575 	 	   0.3 	?	  4.1 	 	   29.0 	?	Box + pan	2026 Aug 22	     237	 	     253	 	 53.16 	 	LLEO/I	-	-
S100428   	100428	2026-192	2026-192AA	P      A    	Starlink 38000	Starlink Group 10-39-25	2026 Aug 21	A11965	2026 Aug 21 1615:52	Earth	-	O	-	SPXS	US	SPXS	Starlink V2MO	-	     575 	 	    530 	?	     575 	 	   0.3 	?	  4.1 	 	   29.0 	?	Box + pan	2026 Aug 22	     237	 	     253	 	 53.16 	 	LLEO/I	-	-
S100429   	100429	2026-192	2026-192AB	P      A    	Starlink 38027	Starlink Group 10-39-26	2026 Aug 21	A11965	2026 Aug 21 1615:52	Earth	-	O	-	SPXS	US	SPXS	Starlink V2MO	-	     575 	 	    530 	?	     575 	 	   0.3 	?	  4.1 	 	   29.0 	?	Box + pan	2026 Aug 22	     237	 	     253	 	 53.16 	 	LLEO/I	-	-
S100430   	100430	2026-192	2026-192AC	P      D    	Starlink 38013	Starlink Group 10-39-27	2026 Aug 21	A11965	2026 Aug 21 1615:52	Earth	-	O	-	SPXS	US	SPXS	Starlink V2MO	-	     575 	 	    530 	?	     575 	 	   0.3 	?	  4.1 	 	   29.0 	?	Box + pan	2026 Aug 22	     237	 	     253	 	 53.16 	 	LLEO/I	-	-
S100431   	100431	2026-192	2026-192AD	P      A    	Starlink 37911	Starlink Group 10-39-28	2026 Aug 21	A11965	2026 Aug 21 1615:52	Earth	-	O	-	SPXS	US	SPXS	Starlink V2MO	-	     575 	 	    530 	?	     575 	 	   0.3 	?	  4.1 	 	   29.0 	?	Box + pan	2026 Aug 22	     237	 	     253	 	 53.16 	 	LLEO/I	-	-
S100432   	100432	2026-192	2026-192AE	P      A    	Starlink 37668	Starlink Group 10-39-29	2026 Aug 21	A11965	2026 Aug 21 1615:52	Earth	-	O	-	SPXS	US	SPXS	Starlink V2MO	-	     575 	 	    530 	?	     575 	 	   0.3 	?	  4.1 	 	   29.0 	?	Box + pan	2026 Aug 22	     237	 	     253	 	 53.16 	 	LLEO/I	-	-
S100433   	100433	2026-193	2026-193A	P      A    	Starlink 38290	Starlink Group 15-20-01	2026 Aug 22	A11966	2026 Aug 22 0827:31	Earth	-	O	-	SPXS	US	SPXS	Starlink V2MO	-	     575 	 	    530 	?	     575 	 	   0.3 	?	  4.1 	 	   29.0 	?	Box + pan	2026 Aug 22	     249	 	     263	 	 70.00 	 	LLEO/I	-	-
S100434   	100434	2026-193	2026-193B	P      A    	Starlink 38300	Starlink Group 15-20-02	2026 Aug 22	A11966	2026 Aug 22 0827:31	Earth	-	O	-	SPXS	US	SPXS	Starlink V2MO	-	     575 	 	    530 	?	     575 	 	   0.3 	?	  4.1 	 	   29.0 	?	Box + pan	2026 Aug 22	     250	 	     263	 	 70.00 	 	LLEO/I	-	-
S100435   	100435	2026-193	2026-193C	P      A    	Starlink 38248	Starlink Group 15-20-03	2026 Aug 22	A11966	2026 Aug 22 0827:31	Earth	-	O	-	SPXS	US	SPXS	Starlink V2MO	-	     575 	 	    530 	?	     575 	 	   0.3 	?	  4.1 	 	   29.0 	?	Box + pan	2026 Aug 22	     249	 	     263	 	 70.00 	 	LLEO/I	-	-
S100436   	100436	2026-193	2026-193D	P      A    	Starlink 38258	Starlink Group 15-20-04	2026 Aug 22	A11966	2026 Aug 22 0827:31	Earth	-	O	-	SPXS	US	SPXS	Starlink V2MO	-	     575 	 	    530 	?	     575 	 	   0.3 	?	  4.1 	 	   29.0 	?	Box + pan	2026 Aug 22	     249	 	     263	 	 70.00 	 	LLEO/I	-	-
S100437   	100437	2026-193	2026-193E	P      A    	Starlink 38194	Starlink Group 15-20-05	2026 Aug 22	A11966	2026 Aug 22 0827:31	Earth	-	O	-	SPXS	US	SPXS	Starlink V2MO	-	     575 	 	    530 	?	     575 	 	   0.3 	?	  4.1 	 	   29.0 	?	Box + pan	2026 Aug 22	     249	 	     263	 	 70.00 	 	LLEO/I	-	-
S100438   	100438	2026-193	2026-193F	P      A    	Starlink 38326	Starlink Group 15-20-06	2026 Aug 22	A11966	2026 Aug 22 0827:31	Earth	-	O	-	SPXS	US	SPXS	Starlink V2MO	-	     575 	 	    530 	?	     575 	 	   0.3 	?	  4.1 	 	   29.0 	?	Box + pan	2026 Aug 22	     250	 	     263	 	 70.00 	 	LLEO/I	-	-
S100439   	100439	2026-193	2026-193G	P      A    	Starlink 38193	Starlink Group 15-20-07	2026 Aug 22	A11966	2026 Aug 22 0827:31	Earth	-	O	-	SPXS	US	SPXS	Starlink V2MO	-	     575 	 	    530 	?	     575 	 	   0.3 	?	  4.1 	 	   29.0 	?	Box + pan	2026 Aug 22	     249	 	     263	 	 70.00 	 	LLEO/I	-	-
S100440   	100440	2026-193	2026-193H	P      A    	Starlink 38204	Starlink Group 15-20-08	2026 Aug 22	A11966	2026 Aug 22 0827:31	Earth	-	O	-	SPXS	US	SPXS	Starlink V2MO	-	     575 	 	    530 	?	     575 	 	   0.3 	?	  4.1 	 	   29.0 	?	Box + pan	2026 Aug 22	     249	 	     263	 	 70.00 	 	LLEO/I	-	-
S100441   	100441	2026-193	2026-193J	P      A    	Starlink 38319	Starlink Group 15-20-09	2026 Aug 22	A11966	2026 Aug 22 0827:31	Earth	-	O	-	SPXS	US	SPXS	Starlink V2MO	-	     575 	 	    530 	?	     575 	 	   0.3 	?	  4.1 	 	   29.0 	?	Box + pan	2026 Aug 22	     250	 	     263	 	 70.00 	 	LLEO/I	-	-
S100442   	100442	2026-193	2026-193K	P      A    	Starlink 38297	Starlink Group 15-20-10	2026 Aug 22	A11966	2026 Aug 22 0827:31	Earth	-	O	-	SPXS	US	SPXS	Starlink V2MO	-	     575 	 	    530 	?	     575 	 	   0.3 	?	  4.1 	 	   29.0 	?	Box + pan	2026 Aug 22	     250	 	     263	 	 70.00 	 	LLEO/I	-	-
S100443   	100443	2026-193	2026-193L	P      A    	Starlink 38318	Starlink Group 15-20-11	2026 Aug 22	A11966	2026 Aug 22 0827:31	Earth	-	O	-	SPXS	US	SPXS	Starlink V2MO	-	     575 	 	    530 	?	     575 	 	   0.3 	?	  4.1 	 	   29.0 	?	Box + pan	2026 Aug 22	     250	 	     263	 	 70.00 	 	LLEO/I	-	-
S100444   	100444	2026-193	2026-193M	P      D    	Starlink 38332	Starlink Group 15-20-12	2026 Aug 22	A11966	2026 Aug 22 0827:31	Earth	-	O	-	SPXS	US	SPXS	Starlink V2MO	-	     575 	 	    530 	?	     575 	 	   0.3 	?	  4.1 	 	   29.0 	?	Box + pan	2026 Aug 22	     250	 	     263	 	 70.00 	 	LLEO/I	-	-
S100445   	100445	2026-193	2026-193N	P      A    	Starlink 38325	Starlink Group 15-20-13	2026 Aug 22	A11966	2026 Aug 22 0827:31	Earth	-	O	-	SPXS	US	SPXS	Starlink V2MO	-	     575 	 	    530 	?	     575 	 	   0.3 	?	  4.1 	 	   29.0 	?	Box + pan	2026 Aug 22	     250	 	     263	 	 70.00 	 	LLEO/I	-	-
S100446   	100446	2026-193	2026-193P	P      A    	Starlink 38105	Starlink Group 15-20-14	2026 Aug 22	A11966	2026 Aug 22 0827:31	Earth	-	O	-	SPXS	US	SPXS	Starlink V2MO	-	     575 	 	    530 	?	     575 	 	   0.3 	?	  4.1 	 	   29.0 	?	Box	2026 Aug 22	     250	 	     263	 	 70.00 	 	LLEO/I	-	-
S100447   	100447	2026-193	2026-193Q	P      A    	Starlink 37825	Starlink Group 15-20-15	2026 Aug 22	A11966	2026 Aug 22 0827:31	Earth	-	O	-	SPXS	US	SPXS	Starlink V2MO	-	     575 	 	    530 	?	     575 	 	   0.3 	?	  4.1 	 	   29.0 	?	Box + pan	2026 Aug 22	     250	 	     263	 	 70.00 	 	LLEO/I	-	-
S100448   	100448	2026-193	2026-193R	P      A    	Starlink 38285	Starlink Group 15-20-16	2026 Aug 22	A11966	2026 Aug 22 0827:31	Earth	-	O	-	SPXS	US	SPXS	Starlink V2MO	-	     575 	 	    530 	?	     575 	 	   0.3 	?	  4.1 	 	   29.0 	?	Box + pan	2026 Aug 22	     250	 	     263	 	 70.00 	 	LLEO/I	-	-
S100449   	100449	2026-193	2026-193S	P      A    	Starlink 38306	Starlink Group 15-20-17	2026 Aug 22	A11966	2026 Aug 22 0827:31	Earth	-	O	-	SPXS	US	SPXS	Starlink V2MO	-	     575 	 	    530 	?	     575 	 	   0.3 	?	  4.1 	 	   29.0 	?	Box + pan	2026 Aug 22	     250	 	     263	 	 70.00 	 	LLEO/I	-	-
S100450   	100450	2026-193	2026-193T	P      D    	Starlink 38207	Starlink Group 15-20-18	2026 Aug 22	A11966	2026 Aug 22 0827:31	Earth	-	O	-	SPXS	US	SPXS	Starlink V2MO	-	     575 	 	    530 	?	     575 	 	   0.3 	?	  4.1 	 	   29.0 	?	Box + pan	2026 Aug 22	     250	 	     263	 	 70.00 	 	LLEO/I	-	-
S100451   	100451	2026-193	2026-193U	P      D    	Starlink 38303	Starlink Group 15-20-19	2026 Aug 22	A11966	2026 Aug 22 0827:31	Earth	-	O	-	SPXS	US	SPXS	Starlink V2MO	-	     575 	 	    530 	?	     575 	 	   0.3 	?	  4.1 	 	   29.0 	?	Box + pan	2026 Aug 22	     250	 	     264	 	 70.00 	 	LLEO/I	-	-
S100452   	100452	2026-193	2026-193V	P      A    	Starlink 38330	Starlink Group 15-20-20	2026 Aug 22	A11966	2026 Aug 22 0827:31	Earth	-	O	-	SPXS	US	SPXS	Starlink V2MO	-	     575 	 	    530 	?	     575 	 	   0.3 	?	  4.1 	 	   29.0 	?	Box + pan	2026 Aug 22	     250	 	     264	 	 70.00 	 	LLEO/I	-	-
S100453   	100453	2026-193	2026-193W	P      A    	Starlink 38333	Starlink Group 15-20-21	2026 Aug 22	A11966	2026 Aug 22 0827:31	Earth	-	O	-	SPXS	US	SPXS	Starlink V2MO	-	     575 	 	    530 	?	     575 	 	   0.3 	?	  4.1 	 	   29.0 	?	Box + pan	2026 Aug 22	     250	 	     264	 	 70.00 	 	LLEO/I	-	-
S100454   	100454	2026-193	2026-193X	P      D    	Starlink 38334	Starlink Group 15-20-22	2026 Aug 22	A11966	2026 Aug 22 0827:31	Earth	-	O	-	SPXS	US	SPXS	Starlink V2MO	-	     575 	 	    530 	?	     575 	 	   0.3 	?	  4.1 	 	   29.0 	?	Box + pan	2026 Aug 22	     250	 	     264	 	 70.00 	 	LLEO/I	-	-
S100455   	100455	2026-193	2026-193Y	P      A    	Starlink 38324	Starlink Group 15-20-23	2026 Aug 22	A11966	2026 Aug 22 0827:31	Earth	-	O	-	SPXS	US	SPXS	Starlink V2MO	-	     575 	 	    530 	?	     575 	 	   0.3 	?	  4.1 	 	   29.0 	?	Box + pan	2026 Aug 22	     250	 	     264	 	 70.00 	 	LLEO/I	-	-
S100456   	100456	2026-193	2026-193Z	P      A    	Starlink 38205	Starlink Group 15-20-24	2026 Aug 22	A11966	2026 Aug 22 0827:31	Earth	-	O	-	SPXS	US	SPXS	Starlink V2MO	-	     575 	 	    530 	?	     575 	 	   0.3 	?	  4.1 	 	   29.0 	?	Box + pan	2026 Aug 22	     250	 	     264	 	 70.00 	 	LLEO/I	-	-
S100457   	100457	2026-193	2026-193AA	P      A    	Starlink 37883	Starlink Group 15-20-25	2026 Aug 22	A11966	2026 Aug 22 0827:31	Earth	-	O	-	SPXS	US	SPXS	Starlink V2MO	-	     575 	 	    530 	?	     575 	 	   0.3 	?	  4.1 	 	   29.0 	?	Box + pan	2026 Aug 22	     250	 	     264	 	 70.00 	 	LLEO/I	-	-
S100458   	100458	2026-193	2026-193AB	P      A    	Starlink 38317	Starlink Group 15-20-26	2026 Aug 22	A11966	2026 Aug 22 0827:31	Earth	-	O	-	SPXS	US	SPXS	Starlink V2MO	-	     575 	 	    530 	?	     575 	 	   0.3 	?	  4.1 	 	   29.0 	?	Box + pan	2026 Aug 22	     250	 	     264	 	 70.00 	 	LLEO/I	-	-
S100459   	100459	2026-193	2026-193AC	P      A    	Starlink 38331	Starlink Group 15-20-27	2026 Aug 22	A11966	2026 Aug 22 0827:31	Earth	-	O	-	SPXS	US	SPXS	Starlink V2MO	-	     575 	 	    530 	?	     575 	 	   0.3 	?	  4.1 	 	   29.0 	?	Box + pan	2026 Aug 22	     250	 	     264	 	 70.00 	 	LLEO/I	-	-
S100460   	100460	2026-194	2026-194A	P           	Kosmos-2619	Uragan-K1 No. 19L?	2026 Aug 24	S100461	2026 Aug 24 0610?	Earth	-	O	-	VVKOV/IACG	RU	RESH	Ekspress-1000	AOCS	     974 	 	    800 	?	     974 	 	   2.0 	?	  1.0 	?	    5.0 	?	Box + 2 Pan	2026 Aug 27	   19147	 	   19168	 	 64.84 	 	MEO	-	-
S100461   	100461	2026-194	2026-194B	R4          	Fregat No. 112-xx	Fregat 14S44 No. 112-22	2026 Aug 24	A11967	2026 Aug 24 0250	Earth	-	O	-	NPOLO	RU	NPOLO	Fregat	-	    6600 	 	   1000 	 	    1000 	 	   1.7 	 	  3.3 	 	    3.3 	 	Irr	2026 Aug 27	   19207	 	   19335	 	 64.80 	 	MEO	-	-
S100462   	100462	2026-188	2026-188E	C  F        	CZ-2C sep motor cover?	-	2026 Aug 17	S100367	2026 Aug 17 0314?	Earth	-	O	-	CNSA	CN	-	-	-	       1 	 	      1 	 	       1 	 	   0.2 	 	  0.2 	 	    0.2 	 	Cone	2026 Aug 17	     447	 	     501	 	 97.50 	 	LLEO/S	-	-
S100463   	100463	2026-188	2026-188F	C  F        	CZ-2C sep motor cover?	-	2026 Aug 17	S100367	2026 Aug 17 0314?	Earth	-	O	-	CNSA	CN	-	-	-	       1 	 	      1 	 	       1 	 	   0.2 	 	  0.2 	 	    0.2 	 	Cone	2026 Aug 17	     447	 	     501	 	 97.50 	 	LLEO/S	-	-
S100464   	100464	2026-188	2026-188G	D  O        	deb CZ-2C	-	2026 Aug 17	S100367	2026 Aug 17 0314?	Earth	-	O	-	CNSA	CN	-	-	-	       1 	 	      1 	 	       1 	 	   0.2 	 	  0.2 	 	    0.2 	 	Cone	2026 Aug 17	     447	 	     501	 	 97.50 	 	LLEO/S	-	-
S100465   	100465	2026-195	2026-195A	P           	Jingan Mengxiang	JAMX01	2026 Aug 25	S100472	2026 Aug 25 0336?	Earth	-	O	-	JINGQH	CN	ASES/SAST	JAMX	-	      50 	?	     50 	?	      50 	?	   0.3 	 	  0.3 	 	    1.0 	 	Box + 2 pan	2026 Aug 27	     531	 	     546	 	 97.54 	 	LLEO/S	-	-
S100466   	NNA	2026-195	2026-195B	P       ?   	Bayi 04	BY70-04	2026 Aug 25	S100472	2026 Aug 25 0336?	Earth	-	O	-	HARB	CN	HARB	BY04	-	      19 	 	     19 	 	      19 	 	   0.2 	 	  0.3 	 	    1.0 	 	Box + 2 pan	2026 Aug 25	     530	 	     545	 	 97.54 	 	LLEO/S	-	Harbin
S100467   	NNA	2026-195	2026-195C	P       ?   	Beibuwan-2	Zhongke-1 14	2026 Aug 25	S100472	2026 Aug 25 0336?	Earth	-	O	-	THUI/ZHWK	CN	YINHE	ZK1Y	-	     360 	 	    360 	?	     360 	 	   1.0 	?	  1.0 	?	    6.0 	?	Box+3 pan	2026 Aug 27	     529	 	     545	 	 97.54 	 	LLEO/S	-	AIRSAT-14
S100468   	NNA	2026-195	2026-195D	P       ?   	Zhongke-1 15	Zhongke-1 15	2026 Aug 25	S100472	2026 Aug 25 0336?	Earth	-	O	-	ZHWK	CN	YINHE	ZK1Y	-	     360 	 	    360 	?	     360 	 	   1.0 	?	  1.0 	?	    6.0 	?	Box+3 pan	2026 Aug 25	     530	 	     544	 	 97.54 	 	LLEO/S	-	AIRSAT-15
S100469   	NNA	2026-195	2026-195E	P       ?   	Muduo 1A	Muduo 1A	2026 Aug 25	S100472	2026 Aug 25 0336?	Earth	-	O	-	BNU	CN	TYSK	ESP50	-	      50 	?	     50 	?	      50 	?	   0.3 	 	  0.3 	 	    1.0 	 	Box + 2 pan	2026 Aug 25	     529	 	     544	 	 97.54 	 	LLEO/S	-	-
S100470   	NNA	2026-195	2026-195F	P       ?   	Muduo 1B	Muduo 1B	2026 Aug 25	S100472	2026 Aug 25 0336?	Earth	-	O	-	BNU	CN	TYSK	ESP50	-	      50 	?	     50 	?	      50 	?	   0.3 	 	  0.3 	 	    1.0 	 	Box + 2 pan	2026 Aug 27	     529	 	     544	 	 97.54 	 	LLEO/S	-	-
S100471   	NNA	2026-195	2026-195G	P       ?   	GISTDA Cubesat 1	Lingzhi-09	2026 Aug 25	S100472	2026 Aug 25 0336?	Earth	-	O	-	GISTDA	T	YINHE	Cubesat 3U	-	       5 	 	      5 	 	       5 	 	   0.3 	 	  0.1 	 	    0.3 	 	Box	2026 Aug 27	     528	 	     545	 	 97.54 	 	LLEO/S	-	-
S100472   	100472	2026-195	2026-195H	R2          	CZ-6C Y1 Stage 2	CZ-6  Stage 2	2026 Aug 25	R86706	2026 Aug 25 0335?	Earth	-	O	-	MAI	CN	SAST	CZ-6 Stage 2	-	    3000 	 	   3000 	 	    3000 	 	   8.0 	?	  2.9 	 	    8.0 	?	Cyl	2026 Aug 27	     396	 	     481	 	 97.54 	 	LLEO/S	-	-
S100473   	100473	2026-196	2026-196A	P      A    	Starlink 36282	Starlink Group 10-49-01	2026 Aug 25	A11968	2026 Aug 25 1032:04	Earth	-	O	-	SPXS	US	SPXS	Starlink V2MO	-	     575 	 	    530 	?	     575 	 	   0.3 	?	  4.1 	 	   29.0 	?	Box + pan	2026 Aug 25	     239	 	     252	 	 53.16 	 	LLEO/I	-	-
S100474   	100474	2026-196	2026-196B	P      A    	Starlink 37694	Starlink Group 10-49-02	2026 Aug 25	A11968	2026 Aug 25 1032:04	Earth	-	O	-	SPXS	US	SPXS	Starlink V2MO	-	     575 	 	    530 	?	     575 	 	   0.3 	?	  4.1 	 	   29.0 	?	Box + pan	2026 Aug 25	     239	 	     251	 	 53.16 	 	LLEO/I	-	-
S100475   	100475	2026-196	2026-196C	P      A    	Starlink 37394	Starlink Group 10-49-03	2026 Aug 25	A11968	2026 Aug 25 1032:04	Earth	-	O	-	SPXS	US	SPXS	Starlink V2MO	-	     575 	 	    530 	?	     575 	 	   0.3 	?	  4.1 	 	   29.0 	?	Box + pan	2026 Aug 25	     239	 	     251	 	 53.16 	 	LLEO/I	-	-
S100476   	100476	2026-196	2026-196D	P      A    	Starlink 37906	Starlink Group 10-49-04	2026 Aug 25	A11968	2026 Aug 25 1032:04	Earth	-	O	-	SPXS	US	SPXS	Starlink V2MO	-	     575 	 	    530 	?	     575 	 	   0.3 	?	  4.1 	 	   29.0 	?	Box + pan	2026 Aug 25	     239	 	     253	 	 53.16 	 	LLEO/I	-	-
S100477   	100477	2026-196	2026-196E	P      A    	Starlink 37985	Starlink Group 10-49-05	2026 Aug 25	A11968	2026 Aug 25 1032:04	Earth	-	O	-	SPXS	US	SPXS	Starlink V2MO	-	     575 	 	    530 	?	     575 	 	   0.3 	?	  4.1 	 	   29.0 	?	Box + pan	2026 Aug 25	     239	 	     253	 	 53.16 	 	LLEO/I	-	-
S100478   	100478	2026-196	2026-196F	P      A    	Starlink 37966	Starlink Group 10-49-06	2026 Aug 25	A11968	2026 Aug 25 1032:04	Earth	-	O	-	SPXS	US	SPXS	Starlink V2MO	-	     575 	 	    530 	?	     575 	 	   0.3 	?	  4.1 	 	   29.0 	?	Box + pan	2026 Aug 25	     239	 	     253	 	 53.16 	 	LLEO/I	-	-
S100479   	100479	2026-196	2026-196G	P      A    	Starlink 37967	Starlink Group 10-49-07	2026 Aug 25	A11968	2026 Aug 25 1032:04	Earth	-	O	-	SPXS	US	SPXS	Starlink V2MO	-	     575 	 	    530 	?	     575 	 	   0.3 	?	  4.1 	 	   29.0 	?	Box + pan	2026 Aug 25	     239	 	     253	 	 53.16 	 	LLEO/I	-	-
S100480   	100480	2026-196	2026-196H	P      A    	Starlink 37939	Starlink Group 10-49-08	2026 Aug 25	A11968	2026 Aug 25 1032:04	Earth	-	O	-	SPXS	US	SPXS	Starlink V2MO	-	     575 	 	    530 	?	     575 	 	   0.3 	?	  4.1 	 	   29.0 	?	Box + pan	2026 Aug 25	     239	 	     253	 	 53.16 	 	LLEO/I	-	-
S100481   	100481	2026-196	2026-196J	P      A    	Starlink 37623	Starlink Group 10-49-09	2026 Aug 25	A11968	2026 Aug 25 1032:04	Earth	-	O	-	SPXS	US	SPXS	Starlink V2MO	-	     575 	 	    530 	?	     575 	 	   0.3 	?	  4.1 	 	   29.0 	?	Box + pan	2026 Aug 25	     239	 	     253	 	 53.16 	 	LLEO/I	-	-
S100482   	100482	2026-196	2026-196K	P      A    	Starlink 37971	Starlink Group 10-49-10	2026 Aug 25	A11968	2026 Aug 25 1032:04	Earth	-	O	-	SPXS	US	SPXS	Starlink V2MO	-	     575 	 	    530 	?	     575 	 	   0.3 	?	  4.1 	 	   29.0 	?	Box + pan	2026 Aug 25	     239	 	     253	 	 53.16 	 	LLEO/I	-	-
S100483   	100483	2026-196	2026-196L	P      A    	Starlink 37377	Starlink Group 10-49-11	2026 Aug 25	A11968	2026 Aug 25 1032:04	Earth	-	O	-	SPXS	US	SPXS	Starlink V2MO	-	     575 	 	    530 	?	     575 	 	   0.3 	?	  4.1 	 	   29.0 	?	Box + pan	2026 Aug 25	     239	 	     253	 	 53.16 	 	LLEO/I	-	-
S100484   	100484	2026-196	2026-196M	P      A    	Starlink 37594	Starlink Group 10-49-12	2026 Aug 25	A11968	2026 Aug 25 1032:04	Earth	-	O	-	SPXS	US	SPXS	Starlink V2MO	-	     575 	 	    530 	?	     575 	 	   0.3 	?	  4.1 	 	   29.0 	?	Box + pan	2026 Aug 25	     239	 	     253	 	 53.16 	 	LLEO/I	-	-
S100485   	100485	2026-196	2026-196N	P      A    	Starlink 38028	Starlink Group 10-49-13	2026 Aug 25	A11968	2026 Aug 25 1032:04	Earth	-	O	-	SPXS	US	SPXS	Starlink V2MO	-	     575 	 	    530 	?	     575 	 	   0.3 	?	  4.1 	 	   29.0 	?	Box + pan	2026 Aug 25	     239	 	     253	 	 53.16 	 	LLEO/I	-	-
S100486   	100486	2026-196	2026-196P	P      A    	Starlink 37999	Starlink Group 10-49-14	2026 Aug 25	A11968	2026 Aug 25 1032:04	Earth	-	O	-	SPXS	US	SPXS	Starlink V2MO	-	     575 	 	    530 	?	     575 	 	   0.3 	?	  4.1 	 	   29.0 	?	Box + pan	2026 Aug 25	     239	 	     253	 	 53.16 	 	LLEO/I	-	-
S100487   	100487	2026-196	2026-196Q	P      A    	Starlink 37960	Starlink Group 10-49-15	2026 Aug 25	A11968	2026 Aug 25 1032:04	Earth	-	O	-	SPXS	US	SPXS	Starlink V2MO	-	     575 	 	    530 	?	     575 	 	   0.3 	?	  4.1 	 	   29.0 	?	Box + pan	2026 Aug 25	     239	 	     253	 	 53.16 	 	LLEO/I	-	-
S100488   	100488	2026-196	2026-196R	P      A    	Starlink 37913	Starlink Group 10-49-16	2026 Aug 25	A11968	2026 Aug 25 1032:04	Earth	-	O	-	SPXS	US	SPXS	Starlink V2MO	-	     575 	 	    530 	?	     575 	 	   0.3 	?	  4.1 	 	   29.0 	?	Box + pan	2026 Aug 25	     239	 	     253	 	 53.16 	 	LLEO/I	-	-
S100489   	100489	2026-196	2026-196S	P      A    	Starlink 37920	Starlink Group 10-49-17	2026 Aug 25	A11968	2026 Aug 25 1032:04	Earth	-	O	-	SPXS	US	SPXS	Starlink V2MO	-	     575 	 	    530 	?	     575 	 	   0.3 	?	  4.1 	 	   29.0 	?	Box + pan	2026 Aug 25	     239	 	     253	 	 53.16 	 	LLEO/I	-	-
S100490   	100490	2026-196	2026-196T	P      A    	Starlink 37709	Starlink Group 10-49-18	2026 Aug 25	A11968	2026 Aug 25 1032:04	Earth	-	O	-	SPXS	US	SPXS	Starlink V2MO	-	     575 	 	    530 	?	     575 	 	   0.3 	?	  4.1 	 	   29.0 	?	Box + pan	2026 Aug 25	     239	 	     253	 	 53.16 	 	LLEO/I	-	-
S100491   	100491	2026-196	2026-196U	P      A    	Starlink 37751	Starlink Group 10-49-19	2026 Aug 25	A11968	2026 Aug 25 1032:04	Earth	-	O	-	SPXS	US	SPXS	Starlink V2MO	-	     575 	 	    530 	?	     575 	 	   0.3 	?	  4.1 	 	   29.0 	?	Box + pan	2026 Aug 25	     239	 	     253	 	 53.16 	 	LLEO/I	-	-
S100492   	100492	2026-196	2026-196V	P      A    	Starlink 37846	Starlink Group 10-49-20	2026 Aug 25	A11968	2026 Aug 25 1032:04	Earth	-	O	-	SPXS	US	SPXS	Starlink V2MO	-	     575 	 	    530 	?	     575 	 	   0.3 	?	  4.1 	 	   29.0 	?	Box + pan	2026 Aug 25	     239	 	     253	 	 53.16 	 	LLEO/I	-	-
S100493   	100493	2026-196	2026-196W	P      A    	Starlink 38004	Starlink Group 10-49-21	2026 Aug 25	A11968	2026 Aug 25 1032:04	Earth	-	O	-	SPXS	US	SPXS	Starlink V2MO	-	     575 	 	    530 	?	     575 	 	   0.3 	?	  4.1 	 	   29.0 	?	Box + pan	2026 Aug 25	     239	 	     253	 	 53.16 	 	LLEO/I	-	-
S100494   	100494	2026-196	2026-196X	P      A    	Starlink 37497	Starlink Group 10-49-22	2026 Aug 25	A11968	2026 Aug 25 1032:04	Earth	-	O	-	SPXS	US	SPXS	Starlink V2MO	-	     575 	 	    530 	?	     575 	 	   0.3 	?	  4.1 	 	   29.0 	?	Box + pan	2026 Aug 25	     239	 	     253	 	 53.16 	 	LLEO/I	-	-
S100495   	100495	2026-196	2026-196Y	P      A    	Starlink 37828	Starlink Group 10-49-23	2026 Aug 25	A11968	2026 Aug 25 1032:04	Earth	-	O	-	SPXS	US	SPXS	Starlink V2MO	-	     575 	 	    530 	?	     575 	 	   0.3 	?	  4.1 	 	   29.0 	?	Box + pan	2026 Aug 25	     239	 	     253	 	 53.16 	 	LLEO/I	-	-
S100496   	100496	2026-196	2026-196Z	P      A    	Starlink 37080	Starlink Group 10-49-24	2026 Aug 25	A11968	2026 Aug 25 1032:04	Earth	-	O	-	SPXS	US	SPXS	Starlink V2MO	-	     575 	 	    530 	?	     575 	 	   0.3 	?	  4.1 	 	   29.0 	?	Box + pan	2026 Aug 25	     239	 	     254	 	 53.16 	 	LLEO/I	-	-
S100497   	100497	2026-196	2026-196AA	P      A    	Starlink 37978	Starlink Group 10-49-25	2026 Aug 25	A11968	2026 Aug 25 1032:04	Earth	-	O	-	SPXS	US	SPXS	Starlink V2MO	-	     575 	 	    530 	?	     575 	 	   0.3 	?	  4.1 	 	   29.0 	?	Box + pan	2026 Aug 25	     239	 	     253	 	 53.16 	 	LLEO/I	-	-
S100498   	100498	2026-196	2026-196AB	P      A    	Starlink 37330	Starlink Group 10-49-26	2026 Aug 25	A11968	2026 Aug 25 1032:04	Earth	-	O	-	SPXS	US	SPXS	Starlink V2MO	-	     575 	 	    530 	?	     575 	 	   0.3 	?	  4.1 	 	   29.0 	?	Box + pan	2026 Aug 25	     239	 	     253	 	 53.16 	 	LLEO/I	-	-
S100499   	100499	2026-196	2026-196AC	P      A    	Starlink 38017	Starlink Group 10-49-27	2026 Aug 25	A11968	2026 Aug 25 1032:04	Earth	-	O	-	SPXS	US	SPXS	Starlink V2MO	-	     575 	 	    530 	?	     575 	 	   0.3 	?	  4.1 	 	   29.0 	?	Box + pan	2026 Aug 25	     239	 	     253	 	 53.16 	 	LLEO/I	-	-
S100500   	100500	2026-196	2026-196AD	P      A    	Starlink 36793	Starlink Group 10-49-28	2026 Aug 25	A11968	2026 Aug 25 1032:04	Earth	-	O	-	SPXS	US	SPXS	Starlink V2MO	-	     575 	 	    530 	?	     575 	 	   0.3 	?	  4.1 	 	   29.0 	?	Box + pan	2026 Aug 25	     239	 	     253	 	 53.16 	 	LLEO/I	-	-
S100501   	100501	2026-196	2026-196AE	P      A    	Starlink 37704	Starlink Group 10-49-29	2026 Aug 25	A11968	2026 Aug 25 1032:04	Earth	-	O	-	SPXS	US	SPXS	Starlink V2MO	-	     575 	 	    530 	?	     575 	 	   0.3 	?	  4.1 	 	   29.0 	?	Box + pan	2026 Aug 25	     239	 	     253	 	 53.16 	 	LLEO/I	-	-
S100502   	100502	2026-197	2026-197A	P      A    	Starlink 38373	Starlink Group 15-22-01	2026 Aug 26	A11969	2026 Aug 26 1037:15	Earth	-	O	-	SPXS	US	SPXS	Starlink V2MO	-	     575 	 	    530 	?	     575 	 	   0.3 	?	  4.1 	 	   29.0 	?	Box + pan	2026 Aug 27	     243	 	     256	 	 70.00 	 	LLEO/I	-	-
S100503   	100503	2026-197	2026-197B	P      A    	Starlink 38368	Starlink Group 15-22-02	2026 Aug 26	A11969	2026 Aug 26 1037:15	Earth	-	O	-	SPXS	US	SPXS	Starlink V2MO	-	     575 	 	    530 	?	     575 	 	   0.3 	?	  4.1 	 	   29.0 	?	Box + pan	2026 Aug 27	     243	 	     257	 	 70.00 	 	LLEO/I	-	-
S100504   	100504	2026-197	2026-197C	P      A    	Starlink 38356	Starlink Group 15-22-03	2026 Aug 26	A11969	2026 Aug 26 1037:15	Earth	-	O	-	SPXS	US	SPXS	Starlink V2MO	-	     575 	 	    530 	?	     575 	 	   0.3 	?	  4.1 	 	   29.0 	?	Box + pan	2026 Aug 27	     243	 	     256	 	 70.00 	 	LLEO/I	-	-
S100505   	100505	2026-197	2026-197D	P      A    	Starlink 38371	Starlink Group 15-22-04	2026 Aug 26	A11969	2026 Aug 26 1037:15	Earth	-	O	-	SPXS	US	SPXS	Starlink V2MO	-	     575 	 	    530 	?	     575 	 	   0.3 	?	  4.1 	 	   29.0 	?	Box + pan	2026 Aug 27	     243	 	     257	 	 70.00 	 	LLEO/I	-	-
S100506   	100506	2026-197	2026-197E	P      A    	Starlink 38315	Starlink Group 15-22-05	2026 Aug 26	A11969	2026 Aug 26 1037:15	Earth	-	O	-	SPXS	US	SPXS	Starlink V2MO	-	     575 	 	    530 	?	     575 	 	   0.3 	?	  4.1 	 	   29.0 	?	Box + pan	2026 Aug 27	     244	 	     257	 	 70.00 	 	LLEO/I	-	-
S100507   	100507	2026-197	2026-197F	P      A    	Starlink 38277	Starlink Group 15-22-06	2026 Aug 26	A11969	2026 Aug 26 1037:15	Earth	-	O	-	SPXS	US	SPXS	Starlink V2MO	-	     575 	 	    530 	?	     575 	 	   0.3 	?	  4.1 	 	   29.0 	?	Box + pan	2026 Aug 27	     244	 	     256	 	 70.00 	 	LLEO/I	-	-
S100508   	100508	2026-197	2026-197G	P      A    	Starlink 38355	Starlink Group 15-22-07	2026 Aug 26	A11969	2026 Aug 26 1037:15	Earth	-	O	-	SPXS	US	SPXS	Starlink V2MO	-	     575 	 	    530 	?	     575 	 	   0.3 	?	  4.1 	 	   29.0 	?	Box + pan	2026 Aug 27	     243	 	     256	 	 70.00 	 	LLEO/I	-	-
S100509   	100509	2026-197	2026-197H	P      A    	Starlink 38374	Starlink Group 15-22-08	2026 Aug 26	A11969	2026 Aug 26 1037:15	Earth	-	O	-	SPXS	US	SPXS	Starlink V2MO	-	     575 	 	    530 	?	     575 	 	   0.3 	?	  4.1 	 	   29.0 	?	Box + pan	2026 Aug 27	     244	 	     257	 	 70.00 	 	LLEO/I	-	-
S100510   	100510	2026-197	2026-197J	P      D    	Starlink 38363	Starlink Group 15-22-09	2026 Aug 26	A11969	2026 Aug 26 1037:15	Earth	-	O	-	SPXS	US	SPXS	Starlink V2MO	-	     575 	 	    530 	?	     575 	 	   0.3 	?	  4.1 	 	   29.0 	?	Box + pan	2026 Aug 27	     244	 	     257	 	 70.00 	 	LLEO/I	-	-
S100511   	100511	2026-197	2026-197K	P      D    	Starlink 38369	Starlink Group 15-22-10	2026 Aug 26	A11969	2026 Aug 26 1037:15	Earth	-	O	-	SPXS	US	SPXS	Starlink V2MO	-	     575 	 	    530 	?	     575 	 	   0.3 	?	  4.1 	 	   29.0 	?	Box + pan	2026 Aug 27	     244	 	     257	 	 70.00 	 	LLEO/I	-	-
S100512   	100512	2026-197	2026-197L	P      D    	Starlink 38362	Starlink Group 15-22-11	2026 Aug 26	A11969	2026 Aug 26 1037:15	Earth	-	O	-	SPXS	US	SPXS	Starlink V2MO	-	     575 	 	    530 	?	     575 	 	   0.3 	?	  4.1 	 	   29.0 	?	Box + pan	2026 Aug 27	     245	 	     257	 	 70.00 	 	LLEO/I	-	-
S100513   	100513	2026-197	2026-197M	P      A    	Starlink 38393	Starlink Group 15-22-12	2026 Aug 26	A11969	2026 Aug 26 1037:15	Earth	-	O	-	SPXS	US	SPXS	Starlink V2MO	-	     575 	 	    530 	?	     575 	 	   0.3 	?	  4.1 	 	   29.0 	?	Box + pan	2026 Aug 27	     245	 	     257	 	 70.00 	 	LLEO/I	-	-
S100514   	100514	2026-197	2026-197N	P      A    	Starlink 38397	Starlink Group 15-22-13	2026 Aug 26	A11969	2026 Aug 26 1037:15	Earth	-	O	-	SPXS	US	SPXS	Starlink V2MO	-	     575 	 	    530 	?	     575 	 	   0.3 	?	  4.1 	 	   29.0 	?	Box + pan	2026 Aug 27	     245	 	     257	 	 70.00 	 	LLEO/I	-	-
S100515   	100515	2026-197	2026-197P	P      D    	Starlink 38316	Starlink Group 15-22-14	2026 Aug 26	A11969	2026 Aug 26 1037:15	Earth	-	O	-	SPXS	US	SPXS	Starlink V2MO	-	     575 	 	    530 	?	     575 	 	   0.3 	?	  4.1 	 	   29.0 	?	Box + pan	2026 Aug 27	     245	 	     258	 	 70.00 	 	LLEO/I	-	-
S100516   	100516	2026-197	2026-197Q	P      D    	Starlink 38365	Starlink Group 15-22-15	2026 Aug 26	A11969	2026 Aug 26 1037:15	Earth	-	O	-	SPXS	US	SPXS	Starlink V2MO	-	     575 	 	    530 	?	     575 	 	   0.3 	?	  4.1 	 	   29.0 	?	Box + pan	2026 Aug 27	     245	 	     258	 	 70.00 	 	LLEO/I	-	-
S100517   	100517	2026-197	2026-197R	P      D    	Starlink 38360	Starlink Group 15-22-16	2026 Aug 26	A11969	2026 Aug 26 1037:15	Earth	-	O	-	SPXS	US	SPXS	Starlink V2MO	-	     575 	 	    530 	?	     575 	 	   0.3 	?	  4.1 	 	   29.0 	?	Box + pan	2026 Aug 27	     245	 	     258	 	 70.00 	 	LLEO/I	-	-
S100518   	100518	2026-197	2026-197S	P      D    	Starlink 38323	Starlink Group 15-22-17	2026 Aug 26	A11969	2026 Aug 26 1037:15	Earth	-	O	-	SPXS	US	SPXS	Starlink V2MO	-	     575 	 	    530 	?	     575 	 	   0.3 	?	  4.1 	 	   29.0 	?	Box + pan	2026 Aug 27	     246	 	     258	 	 70.00 	 	LLEO/I	-	-
S100519   	100519	2026-197	2026-197T	P      D    	Starlink 38370	Starlink Group 15-22-18	2026 Aug 26	A11969	2026 Aug 26 1037:15	Earth	-	O	-	SPXS	US	SPXS	Starlink V2MO	-	     575 	 	    530 	?	     575 	 	   0.3 	?	  4.1 	 	   29.0 	?	Box + pan	2026 Aug 27	     246	 	     258	 	 70.00 	 	LLEO/I	-	-
S100520   	100520	2026-197	2026-197U	P      D    	Starlink 38379	Starlink Group 15-22-19	2026 Aug 26	A11969	2026 Aug 26 1037:15	Earth	-	O	-	SPXS	US	SPXS	Starlink V2MO	-	     575 	 	    530 	?	     575 	 	   0.3 	?	  4.1 	 	   29.0 	?	Box + pan	2026 Aug 27	     246	 	     258	 	 70.00 	 	LLEO/I	-	-
S100521   	100521	2026-197	2026-197V	P      D    	Starlink 38377	Starlink Group 15-22-20	2026 Aug 26	A11969	2026 Aug 26 1037:15	Earth	-	O	-	SPXS	US	SPXS	Starlink V2MO	-	     575 	 	    530 	?	     575 	 	   0.3 	?	  4.1 	 	   29.0 	?	Box + pan	2026 Aug 27	     246	 	     258	 	 70.00 	 	LLEO/I	-	-
S100522   	100522	2026-197	2026-197W	P      A    	Starlink 38372	Starlink Group 15-22-21	2026 Aug 26	A11969	2026 Aug 26 1037:15	Earth	-	O	-	SPXS	US	SPXS	Starlink V2MO	-	     575 	 	    530 	?	     575 	 	   0.3 	?	  4.1 	 	   29.0 	?	Box + pan	2026 Aug 27	     246	 	     258	 	 70.00 	 	LLEO/I	-	-
S100523   	100523	2026-197	2026-197X	P      D    	Starlink 38390	Starlink Group 15-22-22	2026 Aug 26	A11969	2026 Aug 26 1037:15	Earth	-	O	-	SPXS	US	SPXS	Starlink V2MO	-	     575 	 	    530 	?	     575 	 	   0.3 	?	  4.1 	 	   29.0 	?	Box + pan	2026 Aug 27	     247	 	     258	 	 70.00 	 	LLEO/I	-	-
S100524   	100524	2026-197	2026-197Y	P      D    	Starlink 38394	Starlink Group 15-22-23	2026 Aug 26	A11969	2026 Aug 26 1037:15	Earth	-	O	-	SPXS	US	SPXS	Starlink V2MO	-	     575 	 	    530 	?	     575 	 	   0.3 	?	  4.1 	 	   29.0 	?	Box + pan	2026 Aug 27	     247	 	     258	 	 70.00 	 	LLEO/I	-	-
S100525   	100525	2026-197	2026-197Z	P      D    	Starlink 38382	Starlink Group 15-22-24	2026 Aug 26	A11969	2026 Aug 26 1037:15	Earth	-	O	-	SPXS	US	SPXS	Starlink V2MO	-	     575 	 	    530 	?	     575 	 	   0.3 	?	  4.1 	 	   29.0 	?	Box + pan	2026 Aug 27	     247	 	     258	 	 70.00 	 	LLEO/I	-	-
S100526   	100526	2026-197	2026-197AA	P      A    	Starlink 38275	Starlink Group 15-22-25	2026 Aug 26	A11969	2026 Aug 26 1037:15	Earth	-	O	-	SPXS	US	SPXS	Starlink V2MO	-	     575 	 	    530 	?	     575 	 	   0.3 	?	  4.1 	 	   29.0 	?	Box + pan	2026 Aug 27	     247	 	     258	 	 70.00 	 	LLEO/I	-	-
S100527   	100527	2026-197	2026-197AB	P      D    	Starlink 38378	Starlink Group 15-22-26	2026 Aug 26	A11969	2026 Aug 26 1037:15	Earth	-	O	-	SPXS	US	SPXS	Starlink V2MO	-	     575 	 	    530 	?	     575 	 	   0.3 	?	  4.1 	 	   29.0 	?	Box + pan	2026 Aug 27	     247	 	     258	 	 70.00 	 	LLEO/I	-	-
S100528   	100528	2026-197	2026-197AC	P      A    	Starlink 38145	Starlink Group 15-22-27	2026 Aug 26	A11969	2026 Aug 26 1037:15	Earth	-	O	-	SPXS	US	SPXS	Starlink V2MO	-	     575 	 	    530 	?	     575 	 	   0.3 	?	  4.1 	 	   29.0 	?	Box + pan	2026 Aug 27	     248	 	     258	 	 70.00 	 	LLEO/I	-	-
S100529   	100529	2026-156	2026-156CD	P           	Florbela	Lusiada-6	2026 Jul  7	A11919	2026 Aug 25 1100?	Earth	-	O	-	LUSO	P	LUSO	Cubesat 8U	-	      15 	?	     15 	?	      15 	?	   0.4 	 	  0.2 	 	    0.4 	 	Box	2026 Aug 28	     583	 	     595	 	 97.60 	 	LLEO/S	-	-
S100530   	100530	2026-198	2026-198A	P    G      	Meteosat 14	MTG-I2	2026 Aug 27	S100531	2026 Aug 27 2047:00	Earth	-	O	-	EUMET	I-EUM	THALES	MTG	S400 x2	    3800 	 	   2500 	?	    3800 	 	   5.2 	 	  2.3 	 	   10.0 	?	Box + 2 pan	2026 Aug 30	   15851	 	   35687	 	  1.00 	 	MEO	-	-
S100531   	100531	2026-198	2026-198B	R2  P       	Ariane 6008 ULPM	ULPM VA270	2026 Aug 27	R86715	2026 Aug 27 2032:48	Earth	-	O	-	AE	F	ARIB	ULPM	Vinci	    6000 	 	   6000 	 	    6000 	 	  12.1 	 	  5.5 	 	   12.1 	 	Cyl	2026 Aug 31	     150	 	   35321	 	  6.34 	 	GTO	-	-
S100532   	100532	2026-199	2026-199A	P   D      D	Roman Space Telescope	Roman Space Telescope	2026 Aug 30	S100533	2026 Aug 30 1157:20	Earth	2026 Aug 31 0130	DSO	D01208	GSFC	US	GSFC	RST	AOCS	    9174 	 	   8058 	 	    9174 	 	  12.8 	 	  4.4 	 	   16.0 	 	Cyl+ 2 pan	2026 Aug 30	     190	 	 1200000	 	 33.70 	 	CLO	-	-
S100533   	100533	2026-199	2026-199B	R2  D      D	Falcon Heavy-013 Stage 2	FH-013 St2	2026 Aug 30	R86727	2026 Aug 30 1134:17	Earth	2026 Aug 31 0130	DSO	D01207	SPX	US	SPX	F9St2	-	    4000 	?	   4000 	?	    4000 	?	  12.6 	?	  3.6 	 	   12.6 	 	Cyl	2026 Aug 30	     190	 	 1200000	 	 33.70 	 	CLO	-	-
S100534   	100534	2026-200	2026-200A	P      A    	Starlink 38244	Starlink Group 15-23-01	2026 Sep  2	A11973	2026 Sep  2 0944:20	Earth	-	O	-	SPXS	US	SPXS	Starlink V2MO	-	     575 	 	    530 	?	     575 	 	   0.3 	?	  4.1 	 	   29.0 	?	Box + pan	2026 Sep  2	     246	 	     260	 	 70.00 	 	LLEO/I	-	-
S100535   	100535	2026-200	2026-200B	P      A    	Starlink 38203	Starlink Group 15-23-02	2026 Sep  2	A11973	2026 Sep  2 0944:20	Earth	-	O	-	SPXS	US	SPXS	Starlink V2MO	-	     575 	 	    530 	?	     575 	 	   0.3 	?	  4.1 	 	   29.0 	?	Box + pan	2026 Sep  2	     246	 	     260	 	 70.00 	 	LLEO/I	-	-
S100536   	100536	2026-200	2026-200C	P      A    	Starlink 38359	Starlink Group 15-23-03	2026 Sep  2	A11973	2026 Sep  2 0944:20	Earth	-	O	-	SPXS	US	SPXS	Starlink V2MO	-	     575 	 	    530 	?	     575 	 	   0.3 	?	  4.1 	 	   29.0 	?	Box + pan	2026 Sep  2	     246	 	     260	 	 70.00 	 	LLEO/I	-	-
S100537   	100537	2026-200	2026-200D	P      A    	Starlink 38361	Starlink Group 15-23-04	2026 Sep  2	A11973	2026 Sep  2 0944:20	Earth	-	O	-	SPXS	US	SPXS	Starlink V2MO	-	     575 	 	    530 	?	     575 	 	   0.3 	?	  4.1 	 	   29.0 	?	Box + pan	2026 Sep  2	     247	 	     260	 	 70.00 	 	LLEO/I	-	-
S100538   	100538	2026-200	2026-200E	P      A    	Starlink 36331	Starlink Group 15-23-05	2026 Sep  2	A11973	2026 Sep  2 0944:20	Earth	-	O	-	SPXS	US	SPXS	Starlink V2MO	-	     575 	 	    530 	?	     575 	 	   0.3 	?	  4.1 	 	   29.0 	?	Box + pan	2026 Sep  2	     247	 	     260	 	 70.00 	 	LLEO/I	-	-
S100539   	100539	2026-200	2026-200F	P      A    	Starlink 38211	Starlink Group 15-23-06	2026 Sep  2	A11973	2026 Sep  2 0944:20	Earth	-	O	-	SPXS	US	SPXS	Starlink V2MO	-	     575 	 	    530 	?	     575 	 	   0.3 	?	  4.1 	 	   29.0 	?	Box + pan	2026 Sep  2	     247	 	     260	 	 70.00 	 	LLEO/I	-	-
S100540   	100540	2026-200	2026-200G	P      A    	Starlink 38329	Starlink Group 15-23-07	2026 Sep  2	A11973	2026 Sep  2 0944:20	Earth	-	O	-	SPXS	US	SPXS	Starlink V2MO	-	     575 	 	    530 	?	     575 	 	   0.3 	?	  4.1 	 	   29.0 	?	Box + pan	2026 Sep  2	     247	 	     260	 	 70.00 	 	LLEO/I	-	-
S100541   	100541	2026-200	2026-200H	P      A    	Starlink 38328	Starlink Group 15-23-08	2026 Sep  2	A11973	2026 Sep  2 0944:20	Earth	-	O	-	SPXS	US	SPXS	Starlink V2MO	-	     575 	 	    530 	?	     575 	 	   0.3 	?	  4.1 	 	   29.0 	?	Box + pan	2026 Sep  2	     247	 	     261	 	 70.00 	 	LLEO/I	-	-
S100542   	100542	2026-200	2026-200J	P      A    	Starlink 38352	Starlink Group 15-23-09	2026 Sep  2	A11973	2026 Sep  2 0944:20	Earth	-	O	-	SPXS	US	SPXS	Starlink V2MO	-	     575 	 	    530 	?	     575 	 	   0.3 	?	  4.1 	 	   29.0 	?	Box + pan	2026 Sep  2	     247	 	     261	 	 70.00 	 	LLEO/I	-	-
S100543   	100543	2026-200	2026-200K	P      A    	Starlink 38235	Starlink Group 15-23-10	2026 Sep  2	A11973	2026 Sep  2 0944:20	Earth	-	O	-	SPXS	US	SPXS	Starlink V2MO	-	     575 	 	    530 	?	     575 	 	   0.3 	?	  4.1 	 	   29.0 	?	Box + pan	2026 Sep  2	     248	 	     261	 	 70.00 	 	LLEO/I	-	-
S100544   	100544	2026-200	2026-200L	P      A    	Starlink 38342	Starlink Group 15-23-11	2026 Sep  2	A11973	2026 Sep  2 0944:20	Earth	-	O	-	SPXS	US	SPXS	Starlink V2MO	-	     575 	 	    530 	?	     575 	 	   0.3 	?	  4.1 	 	   29.0 	?	Box + pan	2026 Sep  2	     248	 	     261	 	 70.00 	 	LLEO/I	-	-
S100545   	100545	2026-200	2026-200M	P      A    	Starlink 38216	Starlink Group 15-23-12	2026 Sep  2	A11973	2026 Sep  2 0944:20	Earth	-	O	-	SPXS	US	SPXS	Starlink V2MO	-	     575 	 	    530 	?	     575 	 	   0.3 	?	  4.1 	 	   29.0 	?	Box + pan	2026 Sep  2	     248	 	     261	 	 70.00 	 	LLEO/I	-	-
S100546   	100546	2026-200	2026-200N	P      A    	Starlink 38202	Starlink Group 15-23-13	2026 Sep  2	A11973	2026 Sep  2 0944:20	Earth	-	O	-	SPXS	US	SPXS	Starlink V2MO	-	     575 	 	    530 	?	     575 	 	   0.3 	?	  4.1 	 	   29.0 	?	Box + pan	2026 Sep  2	     248	 	     261	 	 70.00 	 	LLEO/I	-	-
S100547   	100547	2026-200	2026-200P	P      A    	Starlink 38346	Starlink Group 15-23-14	2026 Sep  2	A11973	2026 Sep  2 0944:20	Earth	-	O	-	SPXS	US	SPXS	Starlink V2MO	-	     575 	 	    530 	?	     575 	 	   0.3 	?	  4.1 	 	   29.0 	?	Box + pan	2026 Sep  2	     248	 	     261	 	 70.00 	 	LLEO/I	-	-
S100548   	100548	2026-200	2026-200Q	P      A    	Starlink 38229	Starlink Group 15-23-15	2026 Sep  2	A11973	2026 Sep  2 0944:20	Earth	-	O	-	SPXS	US	SPXS	Starlink V2MO	-	     575 	 	    530 	?	     575 	 	   0.3 	?	  4.1 	 	   29.0 	?	Box + pan	2026 Sep  2	     248	 	     261	 	 70.00 	 	LLEO/I	-	-
S100549   	100549	2026-200	2026-200R	P      A    	Starlink 38354	Starlink Group 15-23-16	2026 Sep  2	A11973	2026 Sep  2 0944:20	Earth	-	O	-	SPXS	US	SPXS	Starlink V2MO	-	     575 	 	    530 	?	     575 	 	   0.3 	?	  4.1 	 	   29.0 	?	Box + pan	2026 Sep  2	     248	 	     261	 	 70.00 	 	LLEO/I	-	-
S100550   	100550	2026-200	2026-200S	P      A    	Starlink 38335	Starlink Group 15-23-17	2026 Sep  2	A11973	2026 Sep  2 0944:20	Earth	-	O	-	SPXS	US	SPXS	Starlink V2MO	-	     575 	 	    530 	?	     575 	 	   0.3 	?	  4.1 	 	   29.0 	?	Box + pan	2026 Sep  2	     248	 	     262	 	 70.00 	 	LLEO/I	-	-
S100551   	100551	2026-200	2026-200T	P      A    	Starlink 38231	Starlink Group 15-23-18	2026 Sep  2	A11973	2026 Sep  2 0944:20	Earth	-	O	-	SPXS	US	SPXS	Starlink V2MO	-	     575 	 	    530 	?	     575 	 	   0.3 	?	  4.1 	 	   29.0 	?	Box + pan	2026 Sep  2	     249	 	     262	 	 70.00 	 	LLEO/I	-	-
S100552   	100552	2026-200	2026-200U	P      A    	Starlink 38234	Starlink Group 15-23-19	2026 Sep  2	A11973	2026 Sep  2 0944:20	Earth	-	O	-	SPXS	US	SPXS	Starlink V2MO	-	     575 	 	    530 	?	     575 	 	   0.3 	?	  4.1 	 	   29.0 	?	Box + pan	2026 Sep  2	     248	 	     261	 	 70.00 	 	LLEO/I	-	-
S100553   	100553	2026-200	2026-200V	P      A    	Starlink 38210	Starlink Group 15-23-20	2026 Sep  2	A11973	2026 Sep  2 0944:20	Earth	-	O	-	SPXS	US	SPXS	Starlink V2MO	-	     575 	 	    530 	?	     575 	 	   0.3 	?	  4.1 	 	   29.0 	?	Box + pan	2026 Sep  2	     249	 	     262	 	 70.00 	 	LLEO/I	-	-
S100554   	100554	2026-200	2026-200W	P      A    	Starlink 38384	Starlink Group 15-23-21	2026 Sep  2	A11973	2026 Sep  2 0944:20	Earth	-	O	-	SPXS	US	SPXS	Starlink V2MO	-	     575 	 	    530 	?	     575 	 	   0.3 	?	  4.1 	 	   29.0 	?	Box + pan	2026 Sep  2	     249	 	     262	 	 70.00 	 	LLEO/I	-	-
S100555   	100555	2026-200	2026-200X	P      A    	Starlink 38313	Starlink Group 15-23-22	2026 Sep  2	A11973	2026 Sep  2 0944:20	Earth	-	O	-	SPXS	US	SPXS	Starlink V2MO	-	     575 	 	    530 	?	     575 	 	   0.3 	?	  4.1 	 	   29.0 	?	Box + pan	2026 Sep  2	     249	 	     262	 	 70.00 	 	LLEO/I	-	-
S100556   	100556	2026-200	2026-200Y	P      A    	Starlink 38270	Starlink Group 15-23-23	2026 Sep  2	A11973	2026 Sep  2 0944:20	Earth	-	O	-	SPXS	US	SPXS	Starlink V2MO	-	     575 	 	    530 	?	     575 	 	   0.3 	?	  4.1 	 	   29.0 	?	Box + pan	2026 Sep  2	     249	 	     262	 	 70.00 	 	LLEO/I	-	-
S100557   	100557	2026-200	2026-200Z	P      A    	Starlink 38271	Starlink Group 15-23-24	2026 Sep  2	A11973	2026 Sep  2 0944:20	Earth	-	O	-	SPXS	US	SPXS	Starlink V2MO	-	     575 	 	    530 	?	     575 	 	   0.3 	?	  4.1 	 	   29.0 	?	Box + pan	2026 Sep  2	     249	 	     262	 	 70.00 	 	LLEO/I	-	-
S100558   	100558	2026-200	2026-200AA	P      A    	Starlink 38349	Starlink Group 15-23-25	2026 Sep  2	A11973	2026 Sep  2 0944:20	Earth	-	O	-	SPXS	US	SPXS	Starlink V2MO	-	     575 	 	    530 	?	     575 	 	   0.3 	?	  4.1 	 	   29.0 	?	Box + pan	2026 Sep  2	     249	 	     262	 	 70.00 	 	LLEO/I	-	-
S100559   	100559	2026-200	2026-200AB	P      A    	Starlink 38353	Starlink Group 15-23-26	2026 Sep  2	A11973	2026 Sep  2 0944:20	Earth	-	O	-	SPXS	US	SPXS	Starlink V2MO	-	     575 	 	    530 	?	     575 	 	   0.3 	?	  4.1 	 	   29.0 	?	Box + pan	2026 Sep  2	     249	 	     262	 	 70.00 	 	LLEO/I	-	-
S100560   	100560	2026-200	2026-200AC	P      A    	Starlink 38358	Starlink Group 15-23-27	2026 Sep  2	A11973	2026 Sep  2 0944:20	Earth	-	O	-	SPXS	US	SPXS	Starlink V2MO	-	     575 	 	    530 	?	     575 	 	   0.3 	?	  4.1 	 	   29.0 	?	Box + pan	2026 Sep  2	     250	 	     262	 	 70.00 	 	LLEO/I	-	-
S100561   	100561	2026-201	2026-201A	P           	Strix-9	Strix-9	2026 Sep  2	S100563	2026 Sep  2 1302?	Earth	-	O	-	SYNSP	J	SYNSP	StriX	-	     150 	 	    150 	 	     150 	 	   0.7 	 	  0.5 	 	    4.7 	 	Box + 2 pan	2026 Sep  2	     538	 	     582	 	 38.05 	 	LLEO/I	-	-
S100562   	100562	2026-201	2026-201B	R2          	Electron 94 Stage 2	Electron Stage 2	2026 Sep  2	R86736	2026 Sep  2 1210	Earth	-	O	-	RLABN	NZ	RLABN	Electron St2	-	     250 	?	    250 	?	     250 	 	   2.4 	 	  1.2 	 	    2.4 	 	Cyl	2026 Sep  2	     218	 	     584	 	 38.05 	 	LLEO/I	-	-
S100563   	100563	2026-201	2026-201C	R3          	Electron 94 Kick Stage	Electron Kick Stage	2026 Sep  2	S100562	2026 Sep  2 1210	Earth	-	O	-	RLABN	NZ	RLABN	Kick Stage	Curie	      42 	?	     42 	?	      42 	?	   0.4 	 	  1.2 	 	    1.2 	 	Trunc cone	2026 Sep  2	     373	 	     550	 	 38.03 	 	LLEO/I	-	-
S100564   	100564	2026-051	2026-051C	D  X        	deb YG50-02	-	2026 Mar 15	S68196	2026 Aug?	Earth	-	O	-	ZXW	CN	CAST	-	-	       0 	 	      0 	 	       0 	 	   0.0 	 	  0.0 	 	    0.0 	 	-	2026 Sep  3	     890	 	     998	 	142.00 	 	LEO/R	-	-
S100565   	100565	2026-051	2026-051D	D  X        	deb YG50-02	-	2026 Mar 15	S68196	2026 Aug?	Earth	-	O	-	ZXW	CN	CAST	-	-	       0 	 	      0 	 	       0 	 	   0.0 	 	  0.0 	 	    0.0 	 	-	2026 Sep  3	     890	 	     998	 	142.00 	 	LEO/R	-	-
S100566   	100566	2026-051	2026-051E	D  X        	deb YG50-02	-	2026 Mar 15	S68196	2026 Aug?	Earth	-	O	-	ZXW	CN	CAST	-	-	       0 	 	      0 	 	       0 	 	   0.0 	 	  0.0 	 	    0.0 	 	-	2026 Sep  3	     855	 	    1034	 	141.99 	 	LEO/R	-	-
S100567   	100567	2026-051	2026-051F	D  X        	deb YG50-02	-	2026 Mar 15	S68196	2026 Aug?	Earth	-	O	-	ZXW	CN	CAST	-	-	       0 	 	      0 	 	       0 	 	   0.0 	 	  0.0 	 	    0.0 	 	-	2026 Sep  3	     879	 	    1002	 	142.00 	 	LEO/R	-	-
S100568   	100568	2026-051	2026-051G	D  X        	deb YG50-02	-	2026 Mar 15	S68196	2026 Aug?	Earth	-	O	-	ZXW	CN	CAST	-	-	       0 	 	      0 	 	       0 	 	   0.0 	 	  0.0 	 	    0.0 	 	-	2026 Sep  2	     847	 	    1036	 	142.00 	 	LEO/R	-	-
S100569   	100569	2026-051	2026-051H	D  X        	deb YG50-02	-	2026 Mar 15	S68196	2026 Aug?	Earth	-	O	-	ZXW	CN	CAST	-	-	       0 	 	      0 	 	       0 	 	   0.0 	 	  0.0 	 	    0.0 	 	-	2026 Sep  3	     897	 	     987	 	141.99 	 	LEO/R	-	-
S100570   	100570	2026-051	2026-051J	D  X        	deb YG50-02	-	2026 Mar 15	S68196	2026 Aug?	Earth	-	O	-	ZXW	CN	CAST	-	-	       0 	 	      0 	 	       0 	 	   0.0 	 	  0.0 	 	    0.0 	 	-	2026 Sep  3	     839	 	    1040	 	142.00 	 	LEO/R	-	-
S100571   	100571	2026-051	2026-051K	D  X        	deb YG50-02	-	2026 Mar 15	S68196	2026 Aug?	Earth	-	O	-	ZXW	CN	CAST	-	-	       0 	 	      0 	 	       0 	 	   0.0 	 	  0.0 	 	    0.0 	 	-	2026 Sep  3	     892	 	     993	 	141.99 	 	LEO/R	-	-
S100572   	100572	2026-051	2026-051L	D  X        	deb YG50-02	-	2026 Mar 15	S68196	2026 Aug?	Earth	-	O	-	ZXW	CN	CAST	-	-	       0 	 	      0 	 	       0 	 	   0.0 	 	  0.0 	 	    0.0 	 	-	2026 Sep  3	     887	 	    1000	 	141.98 	 	LEO/R	-	-
S100573   	100573	2026-051	2026-051M	D  X        	deb YG50-02	-	2026 Mar 15	S68196	2026 Aug?	Earth	-	O	-	ZXW	CN	CAST	-	-	       0 	 	      0 	 	       0 	 	   0.0 	 	  0.0 	 	    0.0 	 	-	2026 Sep  3	     858	 	    1031	 	141.99 	 	LEO/R	-	-
S100574   	100574	2026-051	2026-051N	D  X        	deb YG50-02	-	2026 Mar 15	S68196	2026 Aug?	Earth	-	O	-	ZXW	CN	CAST	-	-	       0 	 	      0 	 	       0 	 	   0.0 	 	  0.0 	 	    0.0 	 	-	2026 Sep  3	     894	 	     990	 	142.00 	 	LEO/R	-	-
S100575   	100575	2026-051	2026-051P	D  X        	deb YG50-02	-	2026 Mar 15	S68196	2026 Aug?	Earth	-	O	-	ZXW	CN	CAST	-	-	       0 	 	      0 	 	       0 	 	   0.0 	 	  0.0 	 	    0.0 	 	-	2026 Sep  3	     844	 	    1042	 	142.00 	 	LEO/R	-	-
S100576   	100576	2026-051	2026-051Q	D  X        	deb YG50-02	-	2026 Mar 15	S68196	2026 Aug?	Earth	-	O	-	ZXW	CN	CAST	-	-	       0 	 	      0 	 	       0 	 	   0.0 	 	  0.0 	 	    0.0 	 	-	2026 Sep  3	     593	 	    1083	 	141.91 	 	LEO/R	-	-
S100577   	100577	2026-051	2026-051R	D  X        	deb YG50-02	-	2026 Mar 15	S68196	2026 Aug?	Earth	-	O	-	ZXW	CN	CAST	-	-	       0 	 	      0 	 	       0 	 	   0.0 	 	  0.0 	 	    0.0 	 	-	2026 Sep  3	     693	 	    1078	 	141.95 	 	LEO/R	-	-
S100578   	100578	2026-051	2026-051S	D  X        	deb YG50-02	-	2026 Mar 15	S68196	2026 Aug?	Earth	-	O	-	ZXW	CN	CAST	-	-	       0 	 	      0 	 	       0 	 	   0.0 	 	  0.0 	 	    0.0 	 	-	2026 Sep  3	     680	 	     950	 	141.93 	 	LEO/R	-	-
S100579   	100579	2026-051	2026-051T	D  X        	deb YG50-02	-	2026 Mar 15	S68196	2026 Aug?	Earth	-	O	-	ZXW	CN	CAST	-	-	       0 	 	      0 	 	       0 	 	   0.0 	 	  0.0 	 	    0.0 	 	-	2026 Sep  3	     653	 	    1036	 	141.93 	 	LEO/R	-	-
S100580   	100580	2026-051	2026-051U	D  X        	deb YG50-02	-	2026 Mar 15	S68196	2026 Aug?	Earth	-	O	-	ZXW	CN	CAST	-	-	       0 	 	      0 	 	       0 	 	   0.0 	 	  0.0 	 	    0.0 	 	-	2026 Sep  3	     628	 	    1067	 	141.93 	 	LEO/R	-	-
S100581   	100581	2026-051	2026-051V	D  X        	deb YG50-02	-	2026 Mar 15	S68196	2026 Aug?	Earth	-	O	-	ZXW	CN	CAST	-	-	       0 	 	      0 	 	       0 	 	   0.0 	 	  0.0 	 	    0.0 	 	-	2026 Sep  3	     633	 	    1061	 	141.93 	 	LEO/R	-	-
S100582   	100582	2026-051	2026-051W	D  X        	deb YG50-02	-	2026 Mar 15	S68196	2026 Aug?	Earth	-	O	-	ZXW	CN	CAST	-	-	       0 	 	      0 	 	       0 	 	   0.0 	 	  0.0 	 	    0.0 	 	-	2026 Sep  3	     733	 	     962	 	141.95 	 	LEO/R	-	-
S100583   	100583	2026-051	2026-051X	D  X        	deb YG50-02	-	2026 Mar 15	S68196	2026 Aug?	Earth	-	O	-	ZXW	CN	CAST	-	-	       0 	 	      0 	 	       0 	 	   0.0 	 	  0.0 	 	    0.0 	 	-	2026 Sep  3	     753	 	    1063	 	141.96 	 	LEO/R	-	-
S100584   	100584	2026-051	2026-051Y	D  X        	deb YG50-02	-	2026 Mar 15	S68196	2026 Aug?	Earth	-	O	-	ZXW	CN	CAST	-	-	       0 	 	      0 	 	       0 	 	   0.0 	 	  0.0 	 	    0.0 	 	-	2026 Sep  3	     762	 	     999	 	141.95 	 	LEO/R	-	-
S100585   	100585	2026-051	2026-051Z	D  X        	deb YG50-02	-	2026 Mar 15	S68196	2026 Aug?	Earth	-	O	-	ZXW	CN	CAST	-	-	       0 	 	      0 	 	       0 	 	   0.0 	 	  0.0 	 	    0.0 	 	-	2026 Sep  3	     672	 	    1085	 	141.95 	 	LEO/R	-	-
S100586   	100586	2026-051	2026-051AA	D  X        	deb YG50-02	-	2026 Mar 15	S68196	2026 Aug?	Earth	-	O	-	ZXW	CN	CAST	-	-	       0 	 	      0 	 	       0 	 	   0.0 	 	  0.0 	 	    0.0 	 	-	2026 Sep  3	     779	 	     973	 	141.96 	 	LEO/R	-	-
S100587   	100587	2026-051	2026-051AB	D  X        	deb YG50-02	-	2026 Mar 15	S68196	2026 Aug?	Earth	-	O	-	ZXW	CN	CAST	-	-	       0 	 	      0 	 	       0 	 	   0.0 	 	  0.0 	 	    0.0 	 	-	2026 Sep  3	     737	 	    1010	 	141.90 	 	LEO/R	-	-
S100588   	100588	2026-051	2026-051AC	D  X        	deb YG50-02	-	2026 Mar 15	S68196	2026 Aug?	Earth	-	O	-	ZXW	CN	CAST	-	-	       0 	 	      0 	 	       0 	 	   0.0 	 	  0.0 	 	    0.0 	 	-	2026 Sep  3	     698	 	    1043	 	141.91 	 	LEO/R	-	-
S100589   	100589	2026-051	2026-051AD	D  X        	deb YG50-02	-	2026 Mar 15	S68196	2026 Aug?	Earth	-	O	-	ZXW	CN	CAST	-	-	       0 	 	      0 	 	       0 	 	   0.0 	 	  0.0 	 	    0.0 	 	-	2026 Sep  2	     786	 	     989	 	141.95 	 	LEO/R	-	-
S100590   	100590	2026-051	2026-051AE	D  X        	deb YG50-02	-	2026 Mar 15	S68196	2026 Aug?	Earth	-	O	-	ZXW	CN	CAST	-	-	       0 	 	      0 	 	       0 	 	   0.0 	 	  0.0 	 	    0.0 	 	-	2026 Sep  3	     769	 	    1013	 	141.96 	 	LEO/R	-	-
S100591   	100591	2026-051	2026-051AF	D  X        	deb YG50-02	-	2026 Mar 15	S68196	2026 Aug?	Earth	-	O	-	ZXW	CN	CAST	-	-	       0 	 	      0 	 	       0 	 	   0.0 	 	  0.0 	 	    0.0 	 	-	2026 Sep  3	     734	 	    1051	 	141.89 	 	LEO/R	-	-
S100592   	100592	2026-051	2026-051AG	D  X        	deb YG50-02	-	2026 Mar 15	S68196	2026 Aug?	Earth	-	O	-	ZXW	CN	CAST	-	-	       0 	 	      0 	 	       0 	 	   0.0 	 	  0.0 	 	    0.0 	 	-	2026 Sep  3	     662	 	    1044	 	141.87 	 	LEO/R	-	-
S100593   	100593	2026-051	2026-051AH	D  X        	deb YG50-02	-	2026 Mar 15	S68196	2026 Aug?	Earth	-	O	-	ZXW	CN	CAST	-	-	       0 	 	      0 	 	       0 	 	   0.0 	 	  0.0 	 	    0.0 	 	-	2026 Sep  3	     814	 	    1053	 	141.98 	 	LEO/R	-	-
S100594   	100594	2026-051	2026-051AJ	D  X        	deb YG50-02	-	2026 Mar 15	S68196	2026 Aug?	Earth	-	O	-	ZXW	CN	CAST	-	-	       0 	 	      0 	 	       0 	 	   0.0 	 	  0.0 	 	    0.0 	 	-	2026 Aug 30	     880	 	     997	 	141.96 	 	LEO/R	-	-
S100595   	100595	2026-051	2026-051AK	D  X        	deb YG50-02	-	2026 Mar 15	S68196	2026 Aug?	Earth	-	O	-	ZXW	CN	CAST	-	-	       0 	 	      0 	 	       0 	 	   0.0 	 	  0.0 	 	    0.0 	 	-	2026 Sep  3	     838	 	     992	 	141.98 	 	LEO/R	-	-
S100596   	100596	2026-051	2026-051AL	D  X        	deb YG50-02	-	2026 Mar 15	S68196	2026 Aug?	Earth	-	O	-	ZXW	CN	CAST	-	-	       0 	 	      0 	 	       0 	 	   0.0 	 	  0.0 	 	    0.0 	 	-	2026 Sep  3	     826	 	     998	 	141.98 	 	LEO/R	-	-
S100597   	100597	2026-051	2026-051AM	D  X        	deb YG50-02	-	2026 Mar 15	S68196	2026 Aug?	Earth	-	O	-	ZXW	CN	CAST	-	-	       0 	 	      0 	 	       0 	 	   0.0 	 	  0.0 	 	    0.0 	 	-	2026 Sep  3	     786	 	     970	 	141.95 	 	LEO/R	-	-
S100598   	100598	2026-051	2026-051AN	D  X        	deb YG50-02	-	2026 Mar 15	S68196	2026 Aug?	Earth	-	O	-	ZXW	CN	CAST	-	-	       0 	 	      0 	 	       0 	 	   0.0 	 	  0.0 	 	    0.0 	 	-	2026 Sep  2	     768	 	     967	 	141.96 	 	LEO/R	-	-
S100599   	100599	2026-051	2026-051AP	D  X        	deb YG50-02	-	2026 Mar 15	S68196	2026 Aug?	Earth	-	O	-	ZXW	CN	CAST	-	-	       0 	 	      0 	 	       0 	 	   0.0 	 	  0.0 	 	    0.0 	 	-	2026 Sep  3	     806	 	    1028	 	141.96 	 	LEO/R	-	-
S100600   	100600	2026-051	2026-051AQ	D  X        	deb YG50-02	-	2026 Mar 15	S68196	2026 Aug?	Earth	-	O	-	ZXW	CN	CAST	-	-	       0 	 	      0 	 	       0 	 	   0.0 	 	  0.0 	 	    0.0 	 	-	2026 Sep  3	     892	 	     967	 	141.99 	 	LEO/R	-	-
S100601   	100601	2026-051	2026-051AR	D  X        	deb YG50-02	-	2026 Mar 15	S68196	2026 Aug?	Earth	-	O	-	ZXW	CN	CAST	-	-	       0 	 	      0 	 	       0 	 	   0.0 	 	  0.0 	 	    0.0 	 	-	2026 Sep  2	     847	 	     953	 	141.90 	 	LEO/R	-	-
S100602   	100602	2026-051	2026-051AS	D  X        	deb YG50-02	-	2026 Mar 15	S68196	2026 Aug?	Earth	-	O	-	ZXW	CN	CAST	-	-	       0 	 	      0 	 	       0 	 	   0.0 	 	  0.0 	 	    0.0 	 	-	2026 Sep  2	     818	 	     980	 	141.97 	 	LEO/R	-	-
S100603   	100603	2026-051	2026-051AT	D  X        	deb YG50-02	-	2026 Mar 15	S68196	2026 Aug?	Earth	-	O	-	ZXW	CN	CAST	-	-	       0 	 	      0 	 	       0 	 	   0.0 	 	  0.0 	 	    0.0 	 	-	2026 Sep  3	     859	 	     993	 	142.06 	 	LEO/R	-	-
S100604   	100604	2026-051	2026-051AU	D  X        	deb YG50-02	-	2026 Mar 15	S68196	2026 Aug?	Earth	-	O	-	ZXW	CN	CAST	-	-	       0 	 	      0 	 	       0 	 	   0.0 	 	  0.0 	 	    0.0 	 	-	2026 Sep  3	     761	 	    1051	 	141.96 	 	LEO/R	-	-
S100605   	100605	2026-051	2026-051AV	D  X        	deb YG50-02	-	2026 Mar 15	S68196	2026 Aug?	Earth	-	O	-	ZXW	CN	CAST	-	-	       0 	 	      0 	 	       0 	 	   0.0 	 	  0.0 	 	    0.0 	 	-	2026 Sep  3	     906	 	     966	 	142.01 	 	LEO/R	-	-
S100606   	100606	2026-051	2026-051AW	D  X        	deb YG50-02	-	2026 Mar 15	S68196	2026 Aug?	Earth	-	O	-	ZXW	CN	CAST	-	-	       0 	 	      0 	 	       0 	 	   0.0 	 	  0.0 	 	    0.0 	 	-	2026 Sep  3	     866	 	    1005	 	142.00 	 	LEO/R	-	-
S100607   	100607	2026-202	2026-202A	P   G       	EOS-05	GISAT-1A	2026 Sep  3	S100608	2026 Sep  3 2143:44	Earth	-	O	-	ISRO	IN	ISRO	I2K	ISRO LAM	    2367 	 	   1500 	?	    2367 	 	   2.4 	 	  1.6 	 	    9.0 	 	Box+cyl+pan	2026 Sep  5	     152	 	   30940	 	 19.32 	 	HEO	-	-
S100608   	100608	2026-202	2026-202B	R3          	GSLV CUS-15?	GSLV-F17 CUS15	2026 Sep  3	R86746	2026 Sep  3 2143:26	Earth	-	O	-	ISRO	IN	ISRO	CUS15	-	    2630 	 	   2630 	 	    2630 	 	   9.9 	 	  2.8 	 	    9.9 	 	Cyl	2026 Sep  8	     157	 	   30905	 	 19.31 	 	HEO	-	-
S100609   	NNA	2026-203	2026-203A	P       ?   	CyBEEsat	CyBEEsat	2026 Sep  5	S100614	2026 Sep  5 2115?	Earth	-	O	-	TUB	D	TUB	Cubesat 1U	-	       1 	 	      1 	 	       1 	 	   0.1 	 	  0.1 	 	    0.1 	 	Box	2026 Sep  6	     518	 	     600	 	 97.42 	 	LLEO/S	-	-
S100610   	NNA	2026-203	2026-203B	P       ?   	TriSat-S	TriSat-S	2026 Sep  5	S100614	2026 Sep  5 2115?	Earth	-	O	-	UMARB	SI	UMARB	Cubesat 3U	-	       5 	 	      5 	 	       5 	 	   0.3 	 	  0.1 	 	    0.3 	 	Box	2026 Sep  6	     518	 	     600	 	 97.42 	 	LLEO/S	-	-
S100611   	NNA	2026-203	2026-203C	P       ?   	Platform-6	Platform-6	2026 Sep  5	S100614	2026 Sep  5 2115?	Earth	-	O	-	ENDUR	BG	ENDUR	Cubesat 6U	-	      12 	?	     12 	?	      12 	?	   0.3 	 	  0.2 	 	    0.3 	 	Box	2026 Sep  6	     517	 	     601	 	 97.41 	 	LLEO/S	-	-
S100612   	NNA	2026-203	2026-203D	P       ?   	SpaceTeamSat1	SpaceTeamSat1	2026 Sep  5	S100614	2026 Sep  5 2115?	Earth	-	O	-	TUW	AT	TUW	Cubesat 1U	-	       1 	 	      1 	 	       1 	 	   0.1 	 	  0.1 	 	    0.1 	 	Box	2026 Sep  6	     517	 	     600	 	 97.42 	 	LLEO/S	-	-
S100613   	NNA	2026-203	2026-203E	P       ?   	FramSat-1	FramSat-1	2026 Sep  5	S100614	2026 Sep  5 2115?	Earth	-	O	-	NTNU	N	NTNU	Cubesat 1U	-	       1 	 	      1 	 	       1 	 	   0.1 	 	  0.1 	 	    0.1 	 	Box	2026 Sep  6	     518	 	     599	 	 97.42 	 	LLEO/S	-	-
S100614   	NNA	2026-203	2026-203F	R2          	Spectrum F2 Stage 2	Spectrum Stage 2	2026 Sep  5	R86749	2026 Sep  5 2019	Earth	-	O	-	ISAR	D	ISAR	Spectrum Stage 2	-	    2000 	?	   2000 	?	    2000 	?	   5.0 	 	  2.0 	 	    5.0 	 	Cyl	2026 Sep  6	     510	 	     599	 	 97.43 	 	LLEO/S	-	-
S100615   	100615	2026-204	2026-204A	P      D    	Starlink 38345	Starlink Group 15-24-01	2026 Sep  6	A11975	2026 Sep  6 1529:10	Earth	-	O	-	SPXS	US	SPXS	Starlink V2MO	-	     575 	 	    530 	?	     575 	 	   0.3 	?	  4.1 	 	   29.0 	?	Box + pan	2026 Sep  7	     246	 	     260	 	 70.00 	 	LLEO/I	-	-
S100616   	100616	2026-204	2026-204B	P      D    	Starlink 38350	Starlink Group 15-24-02	2026 Sep  6	A11975	2026 Sep  6 1529:10	Earth	-	O	-	SPXS	US	SPXS	Starlink V2MO	-	     575 	 	    530 	?	     575 	 	   0.3 	?	  4.1 	 	   29.0 	?	Box + pan	2026 Sep  7	     246	 	     260	 	 70.00 	 	LLEO/I	-	-
S100617   	100617	2026-204	2026-204C	P      D    	Starlink 38357	Starlink Group 15-24-03	2026 Sep  6	A11975	2026 Sep  6 1529:10	Earth	-	O	-	SPXS	US	SPXS	Starlink V2MO	-	     575 	 	    530 	?	     575 	 	   0.3 	?	  4.1 	 	   29.0 	?	Box + pan	2026 Sep  7	     246	 	     260	 	 70.00 	 	LLEO/I	-	-
S100618   	100618	2026-204	2026-204D	P      D    	Starlink 38414	Starlink Group 15-24-04	2026 Sep  6	A11975	2026 Sep  6 1529:10	Earth	-	O	-	SPXS	US	SPXS	Starlink V2MO	-	     575 	 	    530 	?	     575 	 	   0.3 	?	  4.1 	 	   29.0 	?	Box + pan	2026 Sep  7	     246	 	     260	 	 70.00 	 	LLEO/I	-	-
S100619   	100619	2026-204	2026-204E	P      A    	Starlink 36683	Starlink Group 15-24-05	2026 Sep  6	A11975	2026 Sep  6 1529:10	Earth	-	O	-	SPXS	US	SPXS	Starlink V2MO	-	     575 	 	    530 	?	     575 	 	   0.3 	?	  4.1 	 	   29.0 	?	Box + pan	2026 Sep  7	     246	 	     260	 	 70.00 	 	LLEO/I	-	-
S100620   	100620	2026-204	2026-204F	P      A    	Starlink 38278	Starlink Group 15-24-06	2026 Sep  6	A11975	2026 Sep  6 1529:10	Earth	-	O	-	SPXS	US	SPXS	Starlink V2MO	-	     575 	 	    530 	?	     575 	 	   0.3 	?	  4.1 	 	   29.0 	?	Box + pan	2026 Sep  7	     246	 	     260	 	 70.00 	 	LLEO/I	-	-
S100621   	100621	2026-204	2026-204G	P      A    	Starlink 38347	Starlink Group 15-24-07	2026 Sep  6	A11975	2026 Sep  6 1529:10	Earth	-	O	-	SPXS	US	SPXS	Starlink V2MO	-	     575 	 	    530 	?	     575 	 	   0.3 	?	  4.1 	 	   29.0 	?	Box + pan	2026 Sep  7	     246	 	     260	 	 70.00 	 	LLEO/I	-	-
S100622   	100622	2026-204	2026-204H	P      A    	Starlink 38366	Starlink Group 15-24-08	2026 Sep  6	A11975	2026 Sep  6 1529:10	Earth	-	O	-	SPXS	US	SPXS	Starlink V2MO	-	     575 	 	    530 	?	     575 	 	   0.3 	?	  4.1 	 	   29.0 	?	Box + pan	2026 Sep  7	     247	 	     261	 	 70.00 	 	LLEO/I	-	-
S100623   	100623	2026-204	2026-204J	P      A    	Starlink 38364	Starlink Group 15-24-09	2026 Sep  6	A11975	2026 Sep  6 1529:10	Earth	-	O	-	SPXS	US	SPXS	Starlink V2MO	-	     575 	 	    530 	?	     575 	 	   0.3 	?	  4.1 	 	   29.0 	?	Box + pan	2026 Sep  7	     247	 	     261	 	 70.00 	 	LLEO/I	-	-
S100624   	100624	2026-204	2026-204K	P      A    	Starlink 38423	Starlink Group 15-24-10	2026 Sep  6	A11975	2026 Sep  6 1529:10	Earth	-	O	-	SPXS	US	SPXS	Starlink V2MO	-	     575 	 	    530 	?	     575 	 	   0.3 	?	  4.1 	 	   29.0 	?	Box + pan	2026 Sep  7	     247	 	     261	 	 70.00 	 	LLEO/I	-	-
S100625   	100625	2026-204	2026-204L	P      A    	Starlink 38311	Starlink Group 15-24-11	2026 Sep  6	A11975	2026 Sep  6 1529:10	Earth	-	O	-	SPXS	US	SPXS	Starlink V2MO	-	     575 	 	    530 	?	     575 	 	   0.3 	?	  4.1 	 	   29.0 	?	Box + pan	2026 Sep  7	     247	 	     261	 	 70.00 	 	LLEO/I	-	-
S100626   	100626	2026-204	2026-204M	P      A    	Starlink 36777	Starlink Group 15-24-12	2026 Sep  6	A11975	2026 Sep  6 1529:10	Earth	-	O	-	SPXS	US	SPXS	Starlink V2MO	-	     575 	 	    530 	?	     575 	 	   0.3 	?	  4.1 	 	   29.0 	?	Box + pan	2026 Sep  7	     247	 	     261	 	 70.00 	 	LLEO/I	-	-
S100627   	100627	2026-204	2026-204N	P      A    	Starlink 36778	Starlink Group 15-24-13	2026 Sep  6	A11975	2026 Sep  6 1529:10	Earth	-	O	-	SPXS	US	SPXS	Starlink V2MO	-	     575 	 	    530 	?	     575 	 	   0.3 	?	  4.1 	 	   29.0 	?	Box + pan	2026 Sep  7	     247	 	     261	 	 70.00 	 	LLEO/I	-	-
S100628   	100628	2026-204	2026-204P	P      A    	Starlink 38348	Starlink Group 15-24-14	2026 Sep  6	A11975	2026 Sep  6 1529:10	Earth	-	O	-	SPXS	US	SPXS	Starlink V2MO	-	     575 	 	    530 	?	     575 	 	   0.3 	?	  4.1 	 	   29.0 	?	Box + pan	2026 Sep  7	     247	 	     261	 	 70.00 	 	LLEO/I	-	-
S100629   	100629	2026-204	2026-204Q	P      A    	Starlink 38327	Starlink Group 15-24-15	2026 Sep  6	A11975	2026 Sep  6 1529:10	Earth	-	O	-	SPXS	US	SPXS	Starlink V2MO	-	     575 	 	    530 	?	     575 	 	   0.3 	?	  4.1 	 	   29.0 	?	Box + pan	2026 Sep  7	     248	 	     261	 	 70.00 	 	LLEO/I	-	-
S100630   	100630	2026-204	2026-204R	P      A    	Starlink 38376	Starlink Group 15-24-16	2026 Sep  6	A11975	2026 Sep  6 1529:10	Earth	-	O	-	SPXS	US	SPXS	Starlink V2MO	-	     575 	 	    530 	?	     575 	 	   0.3 	?	  4.1 	 	   29.0 	?	Box + pan	2026 Sep  7	     248	 	     261	 	 70.00 	 	LLEO/I	-	-
S100631   	100631	2026-204	2026-204S	P      A    	Starlink 38421	Starlink Group 15-24-17	2026 Sep  6	A11975	2026 Sep  6 1529:10	Earth	-	O	-	SPXS	US	SPXS	Starlink V2MO	-	     575 	 	    530 	?	     575 	 	   0.3 	?	  4.1 	 	   29.0 	?	Box + pan	2026 Sep  7	     248	 	     262	 	 70.00 	 	LLEO/I	-	-
S100632   	100632	2026-204	2026-204T	P      A    	Starlink 38403	Starlink Group 15-24-18	2026 Sep  6	A11975	2026 Sep  6 1529:10	Earth	-	O	-	SPXS	US	SPXS	Starlink V2MO	-	     575 	 	    530 	?	     575 	 	   0.3 	?	  4.1 	 	   29.0 	?	Box + pan	2026 Sep  7	     248	 	     262	 	 70.00 	 	LLEO/I	-	-
S100633   	100633	2026-204	2026-204U	P      A    	Starlink 38410	Starlink Group 15-24-19	2026 Sep  6	A11975	2026 Sep  6 1529:10	Earth	-	O	-	SPXS	US	SPXS	Starlink V2MO	-	     575 	 	    530 	?	     575 	 	   0.3 	?	  4.1 	 	   29.0 	?	Box + pan	2026 Sep  7	     248	 	     262	 	 70.00 	 	LLEO/I	-	-
S100634   	100634	2026-204	2026-204V	P      A    	Starlink 38415	Starlink Group 15-24-20	2026 Sep  6	A11975	2026 Sep  6 1529:10	Earth	-	O	-	SPXS	US	SPXS	Starlink V2MO	-	     575 	 	    530 	?	     575 	 	   0.3 	?	  4.1 	 	   29.0 	?	Box + pan	2026 Sep  7	     248	 	     262	 	 70.00 	 	LLEO/I	-	-
S100635   	100635	2026-204	2026-204W	P      A    	Starlink 38413	Starlink Group 15-24-21	2026 Sep  6	A11975	2026 Sep  6 1529:10	Earth	-	O	-	SPXS	US	SPXS	Starlink V2MO	-	     575 	 	    530 	?	     575 	 	   0.3 	?	  4.1 	 	   29.0 	?	Box + pan	2026 Sep  7	     248	 	     262	 	 70.00 	 	LLEO/I	-	-
S100636   	100636	2026-204	2026-204X	P      A    	Starlink 38170	Starlink Group 15-24-22	2026 Sep  6	A11975	2026 Sep  6 1529:10	Earth	-	O	-	SPXS	US	SPXS	Starlink V2MO	-	     575 	 	    530 	?	     575 	 	   0.3 	?	  4.1 	 	   29.0 	?	Box + pan	2026 Sep  7	     248	 	     262	 	 70.00 	 	LLEO/I	-	-
S100637   	100637	2026-204	2026-204Y	P      A    	Starlink 38422	Starlink Group 15-24-23	2026 Sep  6	A11975	2026 Sep  6 1529:10	Earth	-	O	-	SPXS	US	SPXS	Starlink V2MO	-	     575 	 	    530 	?	     575 	 	   0.3 	?	  4.1 	 	   29.0 	?	Box + pan	2026 Sep  7	     248	 	     262	 	 70.00 	 	LLEO/I	-	-
S100638   	100638	2026-204	2026-204Z	P      A    	Starlink 38416	Starlink Group 15-24-24	2026 Sep  6	A11975	2026 Sep  6 1529:10	Earth	-	O	-	SPXS	US	SPXS	Starlink V2MO	-	     575 	 	    530 	?	     575 	 	   0.3 	?	  4.1 	 	   29.0 	?	Box + pan	2026 Sep  7	     248	 	     262	 	 70.00 	 	LLEO/I	-	-
S100639   	100639	2026-204	2026-204AA	P      A    	Starlink 38411	Starlink Group 15-24-25	2026 Sep  6	A11975	2026 Sep  6 1529:10	Earth	-	O	-	SPXS	US	SPXS	Starlink V2MO	-	     575 	 	    530 	?	     575 	 	   0.3 	?	  4.1 	 	   29.0 	?	Box + pan	2026 Sep  7	     249	 	     262	 	 70.00 	 	LLEO/I	-	-
S100640   	100640	2026-204	2026-204AB	P      A    	Starlink 38412	Starlink Group 15-24-26	2026 Sep  6	A11975	2026 Sep  6 1529:10	Earth	-	O	-	SPXS	US	SPXS	Starlink V2MO	-	     575 	 	    530 	?	     575 	 	   0.3 	?	  4.1 	 	   29.0 	?	Box + pan	2026 Sep  7	     249	 	     262	 	 70.00 	 	LLEO/I	-	-
S100641   	100641	2026-204	2026-204AC	P      A    	Starlink 38436	Starlink Group 15-24-27	2026 Sep  6	A11975	2026 Sep  6 1529:10	Earth	-	O	-	SPXS	US	SPXS	Starlink V2MO	-	     575 	 	    530 	?	     575 	 	   0.3 	?	  4.1 	 	   29.0 	?	Box + pan	2026 Sep  7	     249	 	     262	 	 70.00 	 	LLEO/I	-	-
S100642   	100642	2026-156	2026-156CE	P           	Cesario	Lusiada-5	2026 Jul  7	A11919*	2026 Sep  3 1100?	Earth	-	O	-	LUSO	P	LUSO	Cubesat 8U	-	      15 	?	     15 	?	      15 	?	   0.4 	 	  0.2 	 	    0.4 	 	Box	2026 Sep  9	     582	 	     595	 	 97.59 	 	LLEO/S	-	-
S100643   	100643	2026-029	2026-029F	P           	USA 643	USA 584 Subsat 1	2026 Feb 12	S67761	2026 Sep?	Earth	-	O	-	USSF	US	NGISD	ESPASat?	AOCS	     100 	?	    100 	?	     100 	?	   0.8 	?	  0.6 	?	    3.0 	?	Box + 2 pan	-	       0	 	       0	 	  0.00 	 	-	-	-
S100644   	100644	1998-037	1998-037G	D  IG       	I805 collision debris	-	1998 Jun 18	S25371	2026 Jul 29 1950?	Earth	-	O	-	INTEL	I-INT	LMEW	-	-	       0 	 	      0 	 	       0 	 	   0.0 	 	  0.0 	 	    0.0 	 	-	2026 Sep  8	   36017	 	   36246	 	  7.87 	 	GEO/ID	-	-
S100645   	100645	1998-037	1998-037H	D  IG       	I805 collision debris	-	1998 Jun 18	S25371	2026 Jul 29 1950?	Earth	-	O	-	INTEL	I-INT	LMEW	-	-	       0 	 	      0 	 	       0 	 	   0.0 	 	  0.0 	 	    0.0 	 	-	2026 Sep  9	   36051	 	   36278	 	  8.09 	 	GEO/ID	-	-
S100646   	100646	1998-037	1998-037J	D  IG       	I805 collision debris	-	1998 Jun 18	S25371	2026 Jul 29 1950?	Earth	-	O	-	INTEL	I-INT	LMEW	-	-	       0 	 	      0 	 	       0 	 	   0.0 	 	  0.0 	 	    0.0 	 	-	2026 Sep  9	   35601	 	   36093	 	  7.92 	 	GEO/ID	-	-
S100647   	100647	1998-037	1998-037K	D  IG       	I805 collision debris	-	1998 Jun 18	S25371	2026 Jul 29 1950?	Earth	-	O	-	INTEL	I-INT	LMEW	-	-	       0 	 	      0 	 	       0 	 	   0.0 	 	  0.0 	 	    0.0 	 	-	2026 Sep  7	   36067	 	   36288	 	  8.17 	 	GEO/ID	-	-
S100648   	100648	1998-037	1998-037L	D  IG       	I805 collision debris	-	1998 Jun 18	S25371	2026 Jul 29 1950?	Earth	-	O	-	INTEL	I-INT	LMEW	-	-	       0 	 	      0 	 	       0 	 	   0.0 	 	  0.0 	 	    0.0 	 	-	2026 Sep  9	   36073	 	   36213	 	  8.05 	 	GEO/ID	-	-
S100649   	100649	1998-037	1998-037M	D  IG       	I805 collision debris	-	1998 Jun 18	S25371	2026 Jul 29 1950?	Earth	-	O	-	INTEL	I-INT	LMEW	-	-	       0 	 	      0 	 	       0 	 	   0.0 	 	  0.0 	 	    0.0 	 	-	2026 Sep  9	   33855	 	   36876	 	  8.30 	 	GEO/ID	-	-
S100650   	100650	1998-037	1998-037N	D  IG       	I805 collision debris	-	1998 Jun 18	S25371	2026 Jul 29 1950?	Earth	-	O	-	INTEL	I-INT	LMEW	-	-	       0 	 	      0 	 	       0 	 	   0.0 	 	  0.0 	 	    0.0 	 	-	2026 Sep  9	   34805	 	   36077	 	  8.30 	 	GEO/ID	-	-
S100651   	100651	2026-205	2026-205A	P           	Yaogan 53-01	Yaogan 53-01	2026 Sep 10	S100657	2026 Sep 10 0915?	Earth	-	O	-	ZLZB?	CN	DFH	YG53	-	     250 	?	    250 	?	     250 	?	   1.5 	?	  1.0 	?	    5.0 	?	Box + 2 Pan	-	       0	 	       0	 	  0.00 	 	-	-	-
S100652   	100652	2026-205	2026-205B	P           	Yaogan 53-02	Yaogan 53-02	2026 Sep 10	S100657	2026 Sep 10 0915?	Earth	-	O	-	ZLZB?	CN	DFH	YG53	-	     250 	?	    250 	?	     250 	?	   1.5 	?	  1.0 	?	    5.0 	?	Box + 2 Pan	-	       0	 	       0	 	  0.00 	 	-	-	-
S100653   	100653	2026-205	2026-205C	P           	Yaogan 53-03	Yaogan 53-03	2026 Sep 10	S100657	2026 Sep 10 0915?	Earth	-	O	-	ZLZB?	CN	DFH	YG53	-	     250 	?	    250 	?	     250 	?	   1.5 	?	  1.0 	?	    5.0 	?	Box + 2 Pan	-	       0	 	       0	 	  0.00 	 	-	-	-
S100654   	100654	2026-205	2026-205D	P           	Yaogan 56-01	Yaogan 56-01	2026 Sep 10	S100657	2026 Sep 10 0915?	Earth	-	O	-	ZLZB?	CN	DFH	YG53	-	     250 	?	    250 	?	     250 	?	   1.5 	?	  1.0 	?	    5.0 	?	Box + 2 Pan	-	       0	 	       0	 	  0.00 	 	-	-	-
S100655   	100655	2026-205	2026-205E	P           	Yaogan 56-02	Yaogan 56-02	2026 Sep 10	S100657	2026 Sep 10 0915?	Earth	-	O	-	ZLZB?	CN	DFH	YG53	-	     250 	?	    250 	?	     250 	?	   1.5 	?	  1.0 	?	    5.0 	?	Box + 2 Pan	-	       0	 	       0	 	  0.00 	 	-	-	-
S100656   	100656	2026-205	2026-205F	P           	Yaogan 56-03	Yaogan 56-03	2026 Sep 10	S100657	2026 Sep 10 0915?	Earth	-	O	-	ZLZB?	CN	DFH	YG53	-	     250 	?	    250 	?	     250 	?	   1.5 	?	  1.0 	?	    5.0 	?	Box + 2 Pan	-	       0	 	       0	 	  0.00 	 	-	-	-
S100657   	100657	2026-205	2026-205G	R3          	CZ-4B Y78? Stage 3	CZ-4B Stage 3	2026 Sep 10	R86756	2026 Sep 10 0915?	Earth	-	O	-	CNSA	CN	SAST	CZ-4 Stage 3	-	    1000 	?	   1000 	?	    1000 	?	   6.9 	 	  2.9 	 	    6.9 	 	Cyl	-	       0	 	       0	 	  0.00 	 	-	-	-
S100658   	100658	2026-206	2026-206A	P      D    	USA 644	SBST R-2 PL01	2026 Sep 10	A11962	2026 Sep 10 1642?	Earth	-	O	-	SFSSC	US	SPXS	Starshield	-	     575 	 	    530 	?	     575 	 	   0.3 	?	  4.1 	 	   29.0 	?	Box + pan	-	       0	 	       0	 	  0.00 	 	-	-	-
S100659   	100659	2026-206	2026-206B	P      D    	USA 645	SBST R-2 PL02	2026 Sep 10	A11962	2026 Sep 10 1642?	Earth	-	O	-	SFSSC	US	SPXS	Starshield	-	     575 	 	    530 	?	     575 	 	   0.3 	?	  4.1 	 	   29.0 	?	Box + pan	-	       0	 	       0	 	  0.00 	 	-	-	-
S100660   	100660	2026-206	2026-206C	P      D    	USA 646	SBST R-2 PL03	2026 Sep 10	A11962	2026 Sep 10 1642?	Earth	-	O	-	SFSSC	US	SPXS	Starshield	-	     575 	 	    530 	?	     575 	 	   0.3 	?	  4.1 	 	   29.0 	?	Box + pan	-	       0	 	       0	 	  0.00 	 	-	-	-
S100661   	100661	2026-206	2026-206D	P      D    	USA 647	SBST R-2 PL04	2026 Sep 10	A11962	2026 Sep 10 1642?	Earth	-	O	-	SFSSC	US	SPXS	Starshield	-	     575 	 	    530 	?	     575 	 	   0.3 	?	  4.1 	 	   29.0 	?	Box + pan	-	       0	 	       0	 	  0.00 	 	-	-	-
S100662   	100662	2026-206	2026-206E	P      D    	USA 648	SBST R-2 PL05	2026 Sep 10	A11962	2026 Sep 10 1642?	Earth	-	O	-	SFSSC	US	SPXS	Starshield	-	     575 	 	    530 	?	     575 	 	   0.3 	?	  4.1 	 	   29.0 	?	Box + pan	-	       0	 	       0	 	  0.00 	 	-	-	-
S100663   	100663	2026-206	2026-206F	P      D    	USA 649	SBST R-2 PL06	2026 Sep 10	A11962	2026 Sep 10 1642?	Earth	-	O	-	SFSSC	US	SPXS	Starshield	-	     575 	 	    530 	?	     575 	 	   0.3 	?	  4.1 	 	   29.0 	?	Box + pan	-	       0	 	       0	 	  0.00 	 	-	-	-
S100664   	100664	2026-206	2026-206G	P      D    	USA 650	SBST R-2 PL07	2026 Sep 10	A11962	2026 Sep 10 1642?	Earth	-	O	-	SFSSC	US	SPXS	Starshield	-	     575 	 	    530 	?	     575 	 	   0.3 	?	  4.1 	 	   29.0 	?	Box + pan	-	       0	 	       0	 	  0.00 	 	-	-	-
S100665   	100665	2026-206	2026-206H	P      D    	USA 651	SBST R-2 PL08	2026 Sep 10	A11962	2026 Sep 10 1642?	Earth	-	O	-	SFSSC	US	SPXS	Starshield	-	     575 	 	    530 	?	     575 	 	   0.3 	?	  4.1 	 	   29.0 	?	Box + pan	-	       0	 	       0	 	  0.00 	 	-	-	-
S100666   	100666	2026-206	2026-206J	P      D    	USA 652	SBST R-2 PL09	2026 Sep 10	A11962	2026 Sep 10 1642?	Earth	-	O	-	SFSSC	US	SPXS	Starshield	-	     575 	 	    530 	?	     575 	 	   0.3 	?	  4.1 	 	   29.0 	?	Box + pan	-	       0	 	       0	 	  0.00 	 	-	-	-
S100667   	100667	2026-206	2026-206K	P      D    	USA 653	SBST R-2 PL10	2026 Sep 10	A11962	2026 Sep 10 1642?	Earth	-	O	-	SFSSC	US	SPXS	Starshield	-	     575 	 	    530 	?	     575 	 	   0.3 	?	  4.1 	 	   29.0 	?	Box + pan	-	       0	 	       0	 	  0.00 	 	-	-	-
S100668   	100668	2026-206	2026-206L	P      D    	USA 654	SBST R-2 PL11	2026 Sep 10	A11962	2026 Sep 10 1642?	Earth	-	O	-	SFSSC	US	SPXS	Starshield	-	     575 	 	    530 	?	     575 	 	   0.3 	?	  4.1 	 	   29.0 	?	Box + pan	-	       0	 	       0	 	  0.00 	 	-	-	-
S100669   	100669	2026-206	2026-206M	P      D    	USA 655	SBST R-2 PL12	2026 Sep 10	A11962	2026 Sep 10 1642?	Earth	-	O	-	SFSSC	US	SPXS	Starshield	-	     575 	 	    530 	?	     575 	 	   0.3 	?	  4.1 	 	   29.0 	?	Box + pan	-	       0	 	       0	 	  0.00 	 	-	-	-
S100670   	100670	2026-206	2026-206N	P      D    	USA 656	SBST R-2 PL13	2026 Sep 10	A11962	2026 Sep 10 1642?	Earth	-	O	-	SFSSC	US	SPXS	Starshield	-	     575 	 	    530 	?	     575 	 	   0.3 	?	  4.1 	 	   29.0 	?	Box + pan	-	       0	 	       0	 	  0.00 	 	-	-	-
S100671   	100671	2026-206	2026-206P	P      D    	USA 657	SBST R-2 PL14	2026 Sep 10	A11962	2026 Sep 10 1642?	Earth	-	O	-	SFSSC	US	SPXS	Starshield	-	     575 	 	    530 	?	     575 	 	   0.3 	?	  4.1 	 	   29.0 	?	Box + pan	-	       0	 	       0	 	  0.00 	 	-	-	-
S100672   	100672	2026-206	2026-206Q	P      D    	USA 658	SBST R-2 PL15	2026 Sep 10	A11962	2026 Sep 10 1642?	Earth	-	O	-	SFSSC	US	SPXS	Starshield	-	     575 	 	    530 	?	     575 	 	   0.3 	?	  4.1 	 	   29.0 	?	Box + pan	-	       0	 	       0	 	  0.00 	 	-	-	-
S100673   	100673	2026-206	2026-206R	P      D    	USA 659	SBST R-2 PL16	2026 Sep 10	A11962	2026 Sep 10 1642?	Earth	-	O	-	SFSSC	US	SPXS	Starshield	-	     575 	 	    530 	?	     575 	 	   0.3 	?	  4.1 	 	   29.0 	?	Box + pan	-	       0	 	       0	 	  0.00 	 	-	-	-
S100674   	100674	2026-206	2026-206S	P      D    	USA 660	SBST R-2 PL17	2026 Sep 10	A11962	2026 Sep 10 1642?	Earth	-	O	-	SFSSC	US	SPXS	Starshield	-	     575 	 	    530 	?	     575 	 	   0.3 	?	  4.1 	 	   29.0 	?	Box + pan	-	       0	 	       0	 	  0.00 	 	-	-	-
S100675   	100675	2026-206	2026-206T	P      D    	USA 661	SBST R-2 PL18	2026 Sep 10	A11962	2026 Sep 10 1642?	Earth	-	O	-	SFSSC	US	SPXS	Starshield	-	     575 	 	    530 	?	     575 	 	   0.3 	?	  4.1 	 	   29.0 	?	Box + pan	-	       0	 	       0	 	  0.00 	 	-	-	-
S100676   	100676	2026-206	2026-206U	P      D    	USA 662	SBST R-2 PL19	2026 Sep 10	A11962	2026 Sep 10 1642?	Earth	-	O	-	SFSSC	US	SPXS	Starshield	-	     575 	 	    530 	?	     575 	 	   0.3 	?	  4.1 	 	   29.0 	?	Box + pan	-	       0	 	       0	 	  0.00 	 	-	-	-
S100677   	100677	2026-206	2026-206V	P      D    	USA 663	SBST R-2 PL20	2026 Sep 10	A11962	2026 Sep 10 1642?	Earth	-	O	-	SFSSC	US	SPXS	Starshield	-	     575 	 	    530 	?	     575 	 	   0.3 	?	  4.1 	 	   29.0 	?	Box + pan	-	       0	 	       0	 	  0.00 	 	-	-	-
